fies_score,lat_dd_mod,lon_dd_mod,region,fies_average
2,11.37311,41.35439,Afar,1.6463414
8,10.14254,40.643691,Afar,1.6463414
0,9.147427,39.938642,Afar,1.6463414
0,9.505666,40.107473,Afar,1.6463414
4,11.545594,41.49252,Afar,1.6463414
0,9.147427,39.938642,Afar,1.6463414
2,11.545594,41.49252,Afar,1.6463414
0,9.457419,39.893866,Afar,1.6463414
0,9.458898,40.292292,Afar,1.6463414
0,9.147427,39.938642,Afar,1.6463414
1,9.381048,40.131317,Afar,1.6463414
0,9.147427,39.938642,Afar,1.6463414
2,9.505666,40.107473,Afar,1.6463414
0,9.147427,39.938642,Afar,1.6463414
0,11.70753,41.146505,Afar,1.6463414
2,9.505666,40.107473,Afar,1.6463414
5,11.545594,41.49252,Afar,1.6463414
0,11.70753,41.146505,Afar,1.6463414
0,11.545594,41.49252,Afar,1.6463414
2,11.392885,41.379,Afar,1.6463414
0,11.545594,41.49252,Afar,1.6463414
0,9.457419,39.893866,Afar,1.6463414
1,9.400103,40.156692,Afar,1.6463414
2,9.505666,40.107473,Afar,1.6463414
5,11.545594,41.49252,Afar,1.6463414
0,11.70753,41.146505,Afar,1.6463414
2,9.505666,40.107473,Afar,1.6463414
0,9.457419,39.893866,Afar,1.6463414
0,11.336364,41.468995,Afar,1.6463414
2,11.545594,41.49252,Afar,1.6463414
0,11.70753,41.146505,Afar,1.6463414
1,9.505666,40.107473,Afar,1.6463414
8,10.14254,40.643691,Afar,1.6463414
0,11.336364,41.468995,Afar,1.6463414
8,10.14254,40.643691,Afar,1.6463414
0,11.70753,41.146505,Afar,1.6463414
0,9.147427,39.938642,Afar,1.6463414
0,11.70753,41.146505,Afar,1.6463414
0,9.457419,39.893866,Afar,1.6463414
0,9.147427,39.938642,Afar,1.6463414
8,10.14254,40.643691,Afar,1.6463414
8,10.145421,40.683691,Afar,1.6463414
0,11.545594,41.49252,Afar,1.6463414
0,11.70753,41.146505,Afar,1.6463414
0,11.336364,41.468995,Afar,1.6463414
3,9.505666,40.107473,Afar,1.6463414
5,11.336364,41.468995,Afar,1.6463414
1,11.336364,41.468995,Afar,1.6463414
0,9.147427,39.938642,Afar,1.6463414
0,9.457419,39.893866,Afar,1.6463414
8,10.14254,40.643691,Afar,1.6463414
0,9.458898,40.292292,Afar,1.6463414
3,9.505666,40.107473,Afar,1.6463414
0,9.147427,39.938642,Afar,1.6463414
0,9.458898,40.292292,Afar,1.6463414
0,9.457419,39.893866,Afar,1.6463414
0,11.70753,41.146505,Afar,1.6463414
6,11.392885,41.379,Afar,1.6463414
0,11.392885,41.379,Afar,1.6463414
3,11.545594,41.49252,Afar,1.6463414
8,10.14254,40.643691,Afar,1.6463414
3,9.400103,40.156692,Afar,1.6463414
2,11.545594,41.49252,Afar,1.6463414
0,9.147427,39.938642,Afar,1.6463414
0,10.14254,40.643691,Afar,1.6463414
0,9.457419,39.893866,Afar,1.6463414
0,11.336364,41.468995,Afar,1.6463414
0,9.457419,39.893866,Afar,1.6463414
0,9.458898,40.292292,Afar,1.6463414
0,11.70753,41.146505,Afar,1.6463414
0,11.70753,41.146505,Afar,1.6463414
1,10.14254,40.643691,Afar,1.6463414
0,11.545594,41.49252,Afar,1.6463414
8,10.14254,40.643691,Afar,1.6463414
2,9.505666,40.107473,Afar,1.6463414
0,9.458898,40.292292,Afar,1.6463414
0,9.457419,39.893866,Afar,1.6463414
0,9.457419,39.893866,Afar,1.6463414
0,9.457419,39.893866,Afar,1.6463414
0,9.458898,40.292292,Afar,1.6463414
8,10.14254,40.643691,Afar,1.6463414
1,11.545594,41.49252,Afar,1.6463414
0,11.436085,36.645273,Amhara,1.891986
0,10.539829,39.982953,Amhara,1.891986
0,10.371701,38.344396,Amhara,1.891986
6,12.56578,37.869254,Amhara,1.891986
2,10.371701,38.344396,Amhara,1.891986
8,11.607389,38.567921,Amhara,1.891986
0,9.69788,39.540809,Amhara,1.891986
1,10.472983,37.869958,Amhara,1.891986
8,10.381357,39.72644,Amhara,1.891986
5,12.56578,37.869254,Amhara,1.891986
4,10.381357,39.72644,Amhara,1.891986
3,12.049693,37.774726,Amhara,1.891986
0,10.472983,37.869958,Amhara,1.891986
1,10.371701,38.344396,Amhara,1.891986
0,10.671101,38.030523,Amhara,1.891986
2,11.436085,36.645273,Amhara,1.891986
0,10.671101,38.030523,Amhara,1.891986
0,10.671101,38.030523,Amhara,1.891986
1,12.510711,37.464201,Amhara,1.891986
0,12.843304,36.740981,Amhara,1.891986
0,10.671101,38.030523,Amhara,1.891986
7,12.369461,37.153019,Amhara,1.891986
0,10.671101,38.030523,Amhara,1.891986
8,12.920681,37.523176,Amhara,1.891986
0,11.016366,37.77945,Amhara,1.891986
0,12.049693,37.774726,Amhara,1.891986
6,11.016366,37.77945,Amhara,1.891986
0,9.627019000000001,39.517434,Amhara,1.891986
4,10.381357,39.72644,Amhara,1.891986
7,12.369461,37.153019,Amhara,1.891986
0,11.436085,36.645273,Amhara,1.891986
0,9.69788,39.540809,Amhara,1.891986
4,10.371701,38.344396,Amhara,1.891986
0,11.531211,37.456573,Amhara,1.891986
6,10.160841,39.795439,Amhara,1.891986
0,10.160841,39.795439,Amhara,1.891986
2,10.913587,37.620848,Amhara,1.891986
0,11.562044,37.672296,Amhara,1.891986
1,10.472983,37.869958,Amhara,1.891986
0,10.539829,39.982953,Amhara,1.891986
3,10.960563,36.848758,Amhara,1.891986
2,11.439668,37.726932,Amhara,1.891986
1,11.607389,38.567921,Amhara,1.891986
2,10.160841,39.795439,Amhara,1.891986
0,11.439668,37.726932,Amhara,1.891986
5,10.472983,37.869958,Amhara,1.891986
1,11.531211,37.456573,Amhara,1.891986
3,10.960563,36.848758,Amhara,1.891986
8,10.861466,39.964559,Amhara,1.891986
1,12.510711,37.464201,Amhara,1.891986
4,10.371701,38.344396,Amhara,1.891986
2,12.510711,37.464201,Amhara,1.891986
0,11.440116,37.307145,Amhara,1.891986
4,11.607389,38.567921,Amhara,1.891986
7,12.920681,37.523176,Amhara,1.891986
1,11.800598,37.128473,Amhara,1.891986
1,12.049693,37.774726,Amhara,1.891986
0,11.800598,37.128473,Amhara,1.891986
3,12.455447,35.881709,Amhara,1.891986
5,10.913587,37.620848,Amhara,1.891986
3,12.972965,38.151818,Amhara,1.891986
5,12.972965,38.151818,Amhara,1.891986
0,11.162244,37.40731,Amhara,1.891986
1,12.972965,38.151818,Amhara,1.891986
6,12.56578,37.869254,Amhara,1.891986
0,9.69788,39.540809,Amhara,1.891986
4,12.631525,37.453414,Amhara,1.891986
2,12.920681,37.523176,Amhara,1.891986
2,12.631525,37.453414,Amhara,1.891986
4,12.510711,37.464201,Amhara,1.891986
0,11.162244,37.40731,Amhara,1.891986
0,12.631525,37.453414,Amhara,1.891986
1,10.412121,37.051153,Amhara,1.891986
4,10.539829,39.982953,Amhara,1.891986
5,12.972965,38.151818,Amhara,1.891986
1,11.531211,37.456573,Amhara,1.891986
0,11.607389,38.567921,Amhara,1.891986
0,12.049693,37.774726,Amhara,1.891986
2,10.960563,36.848758,Amhara,1.891986
2,10.913587,37.620848,Amhara,1.891986
0,11.439668,37.726932,Amhara,1.891986
3,10.381357,39.72644,Amhara,1.891986
0,9.69788,39.540809,Amhara,1.891986
7,12.920681,37.523176,Amhara,1.891986
4,10.160841,39.795439,Amhara,1.891986
2,12.920681,37.523176,Amhara,1.891986
6,10.381357,39.72644,Amhara,1.891986
2,12.049693,37.774726,Amhara,1.891986
2,12.049693,37.774726,Amhara,1.891986
0,11.162244,37.40731,Amhara,1.891986
0,10.371701,38.344396,Amhara,1.891986
1,12.049693,37.774726,Amhara,1.891986
1,12.510711,37.464201,Amhara,1.891986
0,10.412121,37.051153,Amhara,1.891986
1,10.539829,39.982953,Amhara,1.891986
0,11.440116,37.307145,Amhara,1.891986
1,10.412121,37.051153,Amhara,1.891986
2,10.960563,36.848758,Amhara,1.891986
1,12.56578,37.869254,Amhara,1.891986
0,11.016366,37.77945,Amhara,1.891986
0,11.436085,36.645273,Amhara,1.891986
4,10.539829,39.982953,Amhara,1.891986
0,11.531211,37.456573,Amhara,1.891986
1,11.531211,37.456573,Amhara,1.891986
0,10.371701,38.344396,Amhara,1.891986
3,11.439668,37.726932,Amhara,1.891986
0,9.69788,39.540809,Amhara,1.891986
0,12.455447,35.881709,Amhara,1.891986
0,12.843304,36.740981,Amhara,1.891986
6,10.381357,39.72644,Amhara,1.891986
7,12.369461,37.153019,Amhara,1.891986
0,10.539829,39.982953,Amhara,1.891986
3,10.472983,37.869958,Amhara,1.891986
0,11.016366,37.77945,Amhara,1.891986
0,12.843304,36.740981,Amhara,1.891986
0,10.160841,39.795439,Amhara,1.891986
0,11.800598,37.128473,Amhara,1.891986
0,10.412121,37.051153,Amhara,1.891986
0,11.162244,37.40731,Amhara,1.891986
7,11.607389,38.567921,Amhara,1.891986
4,10.913587,37.620848,Amhara,1.891986
3,10.960563,36.848758,Amhara,1.891986
4,11.800598,37.128473,Amhara,1.891986
0,12.843304,36.740981,Amhara,1.891986
0,12.049693,37.774726,Amhara,1.891986
1,12.510711,37.464201,Amhara,1.891986
3,10.960563,36.848758,Amhara,1.891986
0,12.631525,37.453414,Amhara,1.891986
3,12.455447,35.881709,Amhara,1.891986
0,12.369461,37.153019,Amhara,1.891986
1,11.800598,37.128473,Amhara,1.891986
0,11.440116,37.307145,Amhara,1.891986
0,10.671101,38.030523,Amhara,1.891986
0,10.371701,38.344396,Amhara,1.891986
1,12.510711,37.464201,Amhara,1.891986
3,10.960563,36.848758,Amhara,1.891986
0,9.69788,39.540809,Amhara,1.891986
0,12.843304,36.740981,Amhara,1.891986
0,10.160841,39.795439,Amhara,1.891986
1,12.369461,37.153019,Amhara,1.891986
0,11.016366,37.77945,Amhara,1.891986
4,10.371701,38.344396,Amhara,1.891986
4,10.539829,39.982953,Amhara,1.891986
2,11.800598,37.128473,Amhara,1.891986
0,12.56578,37.869254,Amhara,1.891986
0,11.016366,37.77945,Amhara,1.891986
0,9.69788,39.540809,Amhara,1.891986
0,11.016366,37.77945,Amhara,1.891986
0,11.439668,37.726932,Amhara,1.891986
0,11.440116,37.307145,Amhara,1.891986
0,9.69788,39.540809,Amhara,1.891986
7,12.920681,37.523176,Amhara,1.891986
2,11.439668,37.726932,Amhara,1.891986
2,10.412121,37.051153,Amhara,1.891986
3,10.371701,38.344396,Amhara,1.891986
5,12.631525,37.453414,Amhara,1.891986
1,10.160841,39.795439,Amhara,1.891986
4,12.972965,38.151818,Amhara,1.891986
0,10.160841,39.795439,Amhara,1.891986
0,10.671101,38.030523,Amhara,1.891986
0,10.160841,39.795439,Amhara,1.891986
1,11.800598,37.128473,Amhara,1.891986
5,10.539829,39.982953,Amhara,1.891986
4,11.162244,37.40731,Amhara,1.891986
0,10.412121,37.051153,Amhara,1.891986
0,12.455447,35.881709,Amhara,1.891986
7,12.56578,37.869254,Amhara,1.891986
0,10.381357,39.72644,Amhara,1.891986
2,11.800598,37.128473,Amhara,1.891986
3,12.631525,37.453414,Amhara,1.891986
0,10.539829,39.982953,Amhara,1.891986
1,10.472983,37.869958,Amhara,1.891986
0,10.412121,37.051153,Amhara,1.891986
1,11.607389,38.567921,Amhara,1.891986
5,12.972965,38.151818,Amhara,1.891986
3,11.607389,38.567921,Amhara,1.891986
2,10.472983,37.869958,Amhara,1.891986
0,9.69788,39.540809,Amhara,1.891986
0,12.049693,37.774726,Amhara,1.891986
3,11.800598,37.128473,Amhara,1.891986
0,11.439668,37.726932,Amhara,1.891986
4,12.920681,37.523176,Amhara,1.891986
4,12.972965,38.151818,Amhara,1.891986
6,12.972965,38.151818,Amhara,1.891986
3,10.913587,37.620848,Amhara,1.891986
2,10.472983,37.869958,Amhara,1.891986
0,10.671101,38.030523,Amhara,1.891986
0,12.455447,35.881709,Amhara,1.891986
5,10.913587,37.620848,Amhara,1.891986
3,10.472983,37.869958,Amhara,1.891986
7,12.369461,37.153019,Amhara,1.891986
0,12.972965,38.151818,Amhara,1.891986
0,11.162244,37.40731,Amhara,1.891986
0,10.671101,38.030523,Amhara,1.891986
0,10.960563,36.848758,Amhara,1.891986
0,10.160841,39.795439,Amhara,1.891986
0,12.369461,37.153019,Amhara,1.891986
7,12.049693,37.774726,Amhara,1.891986
4,10.913587,37.620848,Amhara,1.891986
8,12.369461,37.153019,Amhara,1.891986
5,10.381357,39.72644,Amhara,1.891986
5,10.861466,39.964559,Amhara,1.891986
6,12.920681,37.523176,Amhara,1.891986
0,11.016366,37.77945,Amhara,1.891986
0,12.843304,36.740981,Amhara,1.891986
1,10.913587,37.620848,Amhara,1.891986
6,12.56578,37.869254,Amhara,1.891986
5,10.472983,37.869958,Amhara,1.891986
0,11.162244,37.40731,Amhara,1.891986
0,10.371701,38.344396,Amhara,1.891986
0,12.455447,35.881709,Amhara,1.891986
0,10.671101,38.030523,Amhara,1.891986
0,12.455447,35.881709,Amhara,1.891986
0,11.440116,37.307145,Amhara,1.891986
0,12.369461,37.153019,Amhara,1.891986
0,12.843304,36.740981,Amhara,1.891986
0,11.440116,37.307145,Amhara,1.891986
0,11.440116,37.307145,Amhara,1.891986
0,12.049693,37.774726,Amhara,1.891986
0,12.843304,36.740981,Amhara,1.891986
4,10.381357,39.72644,Amhara,1.891986
4,12.631525,37.453414,Amhara,1.891986
8,12.56578,37.869254,Amhara,1.891986
0,12.455447,35.881709,Amhara,1.891986
3,10.960563,36.848758,Amhara,1.891986
0,10.160841,39.795439,Amhara,1.891986
0,11.436085,36.645273,Amhara,1.891986
1,11.607389,38.567921,Amhara,1.891986
0,12.369461,37.153019,Amhara,1.891986
0,9.69788,39.540809,Amhara,1.891986
3,11.162244,37.40731,Amhara,1.891986
3,12.920681,37.523176,Amhara,1.891986
1,12.510711,37.464201,Amhara,1.891986
3,12.920681,37.523176,Amhara,1.891986
0,12.972965,38.151818,Amhara,1.891986
4,12.455447,35.881709,Amhara,1.891986
0,9.69788,39.540809,Amhara,1.891986
0,12.369461,37.153019,Amhara,1.891986
0,12.843304,36.740981,Amhara,1.891986
0,12.369461,37.153019,Amhara,1.891986
4,12.631525,37.453414,Amhara,1.891986
0,11.162244,37.40731,Amhara,1.891986
1,12.56578,37.869254,Amhara,1.891986
0,10.861466,39.964559,Amhara,1.891986
0,11.800598,37.128473,Amhara,1.891986
0,10.412121,37.051153,Amhara,1.891986
0,10.671101,38.030523,Amhara,1.891986
0,11.436085,36.645273,Amhara,1.891986
0,10.671101,38.030523,Amhara,1.891986
0,11.607389,38.567921,Amhara,1.891986
0,11.440116,37.307145,Amhara,1.891986
2,11.531211,37.456573,Amhara,1.891986
0,11.531211,37.456573,Amhara,1.891986
0,11.439668,37.726932,Amhara,1.891986
4,11.531211,37.456573,Amhara,1.891986
1,10.371701,38.344396,Amhara,1.891986
0,11.531211,37.456573,Amhara,1.891986
4,12.920681,37.523176,Amhara,1.891986
6,12.56578,37.869254,Amhara,1.891986
4,12.631525,37.453414,Amhara,1.891986
4,11.436085,36.645273,Amhara,1.891986
3,10.539829,39.982953,Amhara,1.891986
0,11.439668,37.726932,Amhara,1.891986
2,12.56578,37.869254,Amhara,1.891986
5,12.049693,37.774726,Amhara,1.891986
0,11.440116,37.307145,Amhara,1.891986
1,11.607389,38.567921,Amhara,1.891986
6,10.381357,39.72644,Amhara,1.891986
3,10.960563,36.848758,Amhara,1.891986
,10.412121,37.051153,Amhara,1.891986
0,12.843304,36.740981,Amhara,1.891986
0,11.439668,37.726932,Amhara,1.891986
1,12.510711,37.464201,Amhara,1.891986
0,11.436085,36.645273,Amhara,1.891986
4,10.913587,37.620848,Amhara,1.891986
1,11.162244,37.40731,Amhara,1.891986
4,10.960563,36.848758,Amhara,1.891986
0,11.440116,37.307145,Amhara,1.891986
0,12.455447,35.881709,Amhara,1.891986
0,11.162244,37.40731,Amhara,1.891986
3,10.412121,37.051153,Amhara,1.891986
7,12.920681,37.523176,Amhara,1.891986
0,11.800598,37.128473,Amhara,1.891986
4,11.016366,37.77945,Amhara,1.891986
2,10.960563,36.848758,Amhara,1.891986
4,10.472983,37.869958,Amhara,1.891986
4,11.800598,37.128473,Amhara,1.891986
4,10.539829,39.982953,Amhara,1.891986
1,10.223506,34.781987,Benshangul-Gumaz,2.4000001
4,9.986143,34.547639,Benshangul-Gumaz,2.4000001
1,9.882236000000001,34.719258,Benshangul-Gumaz,2.4000001
0,9.882236000000001,34.719258,Benshangul-Gumaz,2.4000001
0,10.422215,34.857636,Benshangul-Gumaz,2.4000001
4,11.294476,36.448728,Benshangul-Gumaz,2.4000001
3,9.986143,34.547639,Benshangul-Gumaz,2.4000001
0,11.397441,36.476428,Benshangul-Gumaz,2.4000001
5,10.223506,34.781987,Benshangul-Gumaz,2.4000001
2,10.223506,34.781987,Benshangul-Gumaz,2.4000001
1,9.882236000000001,34.719258,Benshangul-Gumaz,2.4000001
3,10.049191,34.665996,Benshangul-Gumaz,2.4000001
3,11.397441,36.476428,Benshangul-Gumaz,2.4000001
3,11.397441,36.476428,Benshangul-Gumaz,2.4000001
3,10.365244,34.618369,Benshangul-Gumaz,2.4000001
5,9.796132,34.797897,Benshangul-Gumaz,2.4000001
2,9.998628999999999,34.6076,Benshangul-Gumaz,2.4000001
2,10.365244,34.618369,Benshangul-Gumaz,2.4000001
2,10.365244,34.618369,Benshangul-Gumaz,2.4000001
1,9.882236000000001,34.719258,Benshangul-Gumaz,2.4000001
2,10.365244,34.618369,Benshangul-Gumaz,2.4000001
2,10.049191,34.665996,Benshangul-Gumaz,2.4000001
0,9.796132,34.797897,Benshangul-Gumaz,2.4000001
2,9.796132,34.797897,Benshangul-Gumaz,2.4000001
0,10.223506,34.781987,Benshangul-Gumaz,2.4000001
5,11.294476,36.448728,Benshangul-Gumaz,2.4000001
8,11.294476,36.448728,Benshangul-Gumaz,2.4000001
0,10.422215,34.857636,Benshangul-Gumaz,2.4000001
3,9.882236000000001,34.719258,Benshangul-Gumaz,2.4000001
0,10.049191,34.665996,Benshangul-Gumaz,2.4000001
6,9.882236000000001,34.719258,Benshangul-Gumaz,2.4000001
2,9.998628999999999,34.6076,Benshangul-Gumaz,2.4000001
2,9.998628999999999,34.6076,Benshangul-Gumaz,2.4000001
2,9.998628999999999,34.6076,Benshangul-Gumaz,2.4000001
5,11.294476,36.448728,Benshangul-Gumaz,2.4000001
6,11.397441,36.476428,Benshangul-Gumaz,2.4000001
3,9.796132,34.797897,Benshangul-Gumaz,2.4000001
2,10.049191,34.665996,Benshangul-Gumaz,2.4000001
2,10.049191,34.665996,Benshangul-Gumaz,2.4000001
5,10.365244,34.618369,Benshangul-Gumaz,2.4000001
2,9.998628999999999,34.6076,Benshangul-Gumaz,2.4000001
1,9.796132,34.797897,Benshangul-Gumaz,2.4000001
4,10.422215,34.857636,Benshangul-Gumaz,2.4000001
0,11.397441,36.476428,Benshangul-Gumaz,2.4000001
3,9.986143,34.547639,Benshangul-Gumaz,2.4000001
3,10.049191,34.665996,Benshangul-Gumaz,2.4000001
2,10.049191,34.665996,Benshangul-Gumaz,2.4000001
0,9.882236000000001,34.719258,Benshangul-Gumaz,2.4000001
1,9.882236000000001,34.719258,Benshangul-Gumaz,2.4000001
3,10.049191,34.665996,Benshangul-Gumaz,2.4000001
3,11.294476,36.448728,Benshangul-Gumaz,2.4000001
2,9.796132,34.797897,Benshangul-Gumaz,2.4000001
3,11.294476,36.448728,Benshangul-Gumaz,2.4000001
2,11.397441,36.476428,Benshangul-Gumaz,2.4000001
3,9.986143,34.547639,Benshangul-Gumaz,2.4000001
7,10.223506,34.781987,Benshangul-Gumaz,2.4000001
0,9.986143,34.547639,Benshangul-Gumaz,2.4000001
2,10.049191,34.665996,Benshangul-Gumaz,2.4000001
4,9.998628999999999,34.6076,Benshangul-Gumaz,2.4000001
3,10.223506,34.781987,Benshangul-Gumaz,2.4000001
5,10.422215,34.857636,Benshangul-Gumaz,2.4000001
5,10.223506,34.781987,Benshangul-Gumaz,2.4000001
5,10.223506,34.781987,Benshangul-Gumaz,2.4000001
1,10.049191,34.665996,Benshangul-Gumaz,2.4000001
1,11.294476,36.448728,Benshangul-Gumaz,2.4000001
3,9.986143,34.547639,Benshangul-Gumaz,2.4000001
3,9.998628999999999,34.6076,Benshangul-Gumaz,2.4000001
0,11.397441,36.476428,Benshangul-Gumaz,2.4000001
0,10.067477,34.539163,Benshangul-Gumaz,2.4000001
4,10.223506,34.781987,Benshangul-Gumaz,2.4000001
3,9.998628999999999,34.6076,Benshangul-Gumaz,2.4000001
0,11.397441,36.476428,Benshangul-Gumaz,2.4000001
4,10.422215,34.857636,Benshangul-Gumaz,2.4000001
0,11.397441,36.476428,Benshangul-Gumaz,2.4000001
0,10.365244,34.618369,Benshangul-Gumaz,2.4000001
0,10.422215,34.857636,Benshangul-Gumaz,2.4000001
2,9.998628999999999,34.6076,Benshangul-Gumaz,2.4000001
0,10.422215,34.857636,Benshangul-Gumaz,2.4000001
1,9.882236000000001,34.719258,Benshangul-Gumaz,2.4000001
6,11.294476,36.448728,Benshangul-Gumaz,2.4000001
3,9.986143,34.547639,Benshangul-Gumaz,2.4000001
2,11.294476,36.448728,Benshangul-Gumaz,2.4000001
0,10.365244,34.618369,Benshangul-Gumaz,2.4000001
6,10.223506,34.781987,Benshangul-Gumaz,2.4000001
0,10.365244,34.618369,Benshangul-Gumaz,2.4000001
3,10.422215,34.857636,Benshangul-Gumaz,2.4000001
2,9.998628999999999,34.6076,Benshangul-Gumaz,2.4000001
3,10.422215,34.857636,Benshangul-Gumaz,2.4000001
2,9.796132,34.797897,Benshangul-Gumaz,2.4000001
0,10.365244,34.618369,Benshangul-Gumaz,2.4000001
0,10.365244,34.618369,Benshangul-Gumaz,2.4000001
2,11.397441,36.476428,Benshangul-Gumaz,2.4000001
0,11.397441,36.476428,Benshangul-Gumaz,2.4000001
3,9.882236000000001,34.719258,Benshangul-Gumaz,2.4000001
3,9.796132,34.797897,Benshangul-Gumaz,2.4000001
2,9.986143,34.547639,Benshangul-Gumaz,2.4000001
1,9.796132,34.797897,Benshangul-Gumaz,2.4000001
4,10.422215,34.857636,Benshangul-Gumaz,2.4000001
0,10.365244,34.618369,Benshangul-Gumaz,2.4000001
0,9.986143,34.547639,Benshangul-Gumaz,2.4000001
7,9.796132,34.797897,Benshangul-Gumaz,2.4000001
7,11.294476,36.448728,Benshangul-Gumaz,2.4000001
4,9.986143,34.547639,Benshangul-Gumaz,2.4000001
0,10.365244,34.618369,Benshangul-Gumaz,2.4000001
5,11.294476,36.448728,Benshangul-Gumaz,2.4000001
0,9.560840000000001,42.084039,Dire Dawa,2.6715329
2,9.508095000000001,41.76715,Dire Dawa,2.6715329
3,9.596399,41.885931,Dire Dawa,2.6715329
0,9.602402,41.866591,Dire Dawa,2.6715329
7,9.504422999999999,41.6638,Dire Dawa,2.6715329
5,9.504422999999999,41.6638,Dire Dawa,2.6715329
6,9.523417999999999,41.904651,Dire Dawa,2.6715329
0,9.645111999999999,41.834549,Dire Dawa,2.6715329
3,9.616778999999999,42.139428,Dire Dawa,2.6715329
4,9.645111999999999,41.834549,Dire Dawa,2.6715329
0,9.503581000000001,42.070496,Dire Dawa,2.6715329
1,9.602402,41.866591,Dire Dawa,2.6715329
2,9.516954,41.809855,Dire Dawa,2.6715329
5,9.596399,41.885931,Dire Dawa,2.6715329
6,9.508095000000001,41.76715,Dire Dawa,2.6715329
1,9.565253,41.97498,Dire Dawa,2.6715329
2,9.516954,41.809855,Dire Dawa,2.6715329
3,9.504422999999999,41.6638,Dire Dawa,2.6715329
0,9.602402,41.866591,Dire Dawa,2.6715329
5,9.700886000000001,42.103126,Dire Dawa,2.6715329
0,9.587377,41.738265,Dire Dawa,2.6715329
4,9.516954,41.809855,Dire Dawa,2.6715329
0,9.565253,41.97498,Dire Dawa,2.6715329
3,9.616778999999999,42.139428,Dire Dawa,2.6715329
6,9.523417999999999,41.904651,Dire Dawa,2.6715329
6,9.616778999999999,42.139428,Dire Dawa,2.6715329
3,9.587377,41.738265,Dire Dawa,2.6715329
4,9.475664999999999,41.95415,Dire Dawa,2.6715329
0,9.587377,41.738265,Dire Dawa,2.6715329
3,9.504422999999999,41.6638,Dire Dawa,2.6715329
2,9.616778999999999,42.139428,Dire Dawa,2.6715329
3,9.504422999999999,41.6638,Dire Dawa,2.6715329
0,9.602402,41.866591,Dire Dawa,2.6715329
0,9.503581000000001,42.070496,Dire Dawa,2.6715329
8,9.616778999999999,42.139428,Dire Dawa,2.6715329
5,9.475664999999999,41.95415,Dire Dawa,2.6715329
2,9.645111999999999,41.834549,Dire Dawa,2.6715329
2,9.508095000000001,41.76715,Dire Dawa,2.6715329
0,9.560840000000001,42.084039,Dire Dawa,2.6715329
4,9.645111999999999,41.834549,Dire Dawa,2.6715329
0,9.602402,41.866591,Dire Dawa,2.6715329
0,9.700886000000001,42.103126,Dire Dawa,2.6715329
2,9.475664999999999,41.95415,Dire Dawa,2.6715329
0,9.560840000000001,42.084039,Dire Dawa,2.6715329
4,9.475664999999999,41.95415,Dire Dawa,2.6715329
0,9.503581000000001,42.070496,Dire Dawa,2.6715329
4,9.504422999999999,41.6638,Dire Dawa,2.6715329
2,9.516954,41.809855,Dire Dawa,2.6715329
2,9.475664999999999,41.95415,Dire Dawa,2.6715329
2,9.700886000000001,42.103126,Dire Dawa,2.6715329
0,9.560840000000001,42.084039,Dire Dawa,2.6715329
6,9.616778999999999,42.139428,Dire Dawa,2.6715329
5,9.645111999999999,41.834549,Dire Dawa,2.6715329
3,9.475664999999999,41.95415,Dire Dawa,2.6715329
0,9.516954,41.809855,Dire Dawa,2.6715329
0,9.596399,41.885931,Dire Dawa,2.6715329
0,9.565253,41.97498,Dire Dawa,2.6715329
0,9.503581000000001,42.070496,Dire Dawa,2.6715329
6,9.523417999999999,41.904651,Dire Dawa,2.6715329
4,9.508095000000001,41.76715,Dire Dawa,2.6715329
2,9.602402,41.866591,Dire Dawa,2.6715329
6,9.700886000000001,42.103126,Dire Dawa,2.6715329
0,9.565253,41.97498,Dire Dawa,2.6715329
8,9.700886000000001,42.103126,Dire Dawa,2.6715329
0,9.602402,41.866591,Dire Dawa,2.6715329
4,9.508095000000001,41.76715,Dire Dawa,2.6715329
3,9.475664999999999,41.95415,Dire Dawa,2.6715329
2,9.645111999999999,41.834549,Dire Dawa,2.6715329
2,9.516954,41.809855,Dire Dawa,2.6715329
0,9.565253,41.97498,Dire Dawa,2.6715329
1,9.508095000000001,41.76715,Dire Dawa,2.6715329
8,9.700886000000001,42.103126,Dire Dawa,2.6715329
2,9.504422999999999,41.6638,Dire Dawa,2.6715329
8,9.523417999999999,41.904651,Dire Dawa,2.6715329
4,9.700886000000001,42.103126,Dire Dawa,2.6715329
5,9.516954,41.809855,Dire Dawa,2.6715329
3,9.523417999999999,41.904651,Dire Dawa,2.6715329
1,9.602402,41.866591,Dire Dawa,2.6715329
3,9.475664999999999,41.95415,Dire Dawa,2.6715329
2,9.508095000000001,41.76715,Dire Dawa,2.6715329
2,9.508095000000001,41.76715,Dire Dawa,2.6715329
0,9.645111999999999,41.834549,Dire Dawa,2.6715329
6,9.565253,41.97498,Dire Dawa,2.6715329
0,9.504422999999999,41.6638,Dire Dawa,2.6715329
0,9.587377,41.738265,Dire Dawa,2.6715329
3,9.504422999999999,41.6638,Dire Dawa,2.6715329
3,9.475664999999999,41.95415,Dire Dawa,2.6715329
3,9.516954,41.809855,Dire Dawa,2.6715329
1,9.516954,41.809855,Dire Dawa,2.6715329
1,9.700886000000001,42.103126,Dire Dawa,2.6715329
4,9.504422999999999,41.6638,Dire Dawa,2.6715329
6,9.645111999999999,41.834549,Dire Dawa,2.6715329
1,9.602402,41.866591,Dire Dawa,2.6715329
5,9.587377,41.738265,Dire Dawa,2.6715329
5,9.587377,41.738265,Dire Dawa,2.6715329
0,9.523417999999999,41.904651,Dire Dawa,2.6715329
3,9.587377,41.738265,Dire Dawa,2.6715329
4,9.475664999999999,41.95415,Dire Dawa,2.6715329
0,9.587377,41.738265,Dire Dawa,2.6715329
5,9.616778999999999,42.139428,Dire Dawa,2.6715329
8,9.596399,41.885931,Dire Dawa,2.6715329
2,9.508095000000001,41.76715,Dire Dawa,2.6715329
3,9.587377,41.738265,Dire Dawa,2.6715329
0,9.560840000000001,42.084039,Dire Dawa,2.6715329
0,9.503581000000001,42.070496,Dire Dawa,2.6715329
0,9.503581000000001,42.070496,Dire Dawa,2.6715329
7,9.596399,41.885931,Dire Dawa,2.6715329
0,9.523417999999999,41.904651,Dire Dawa,2.6715329
0,9.565253,41.97498,Dire Dawa,2.6715329
3,9.616778999999999,42.139428,Dire Dawa,2.6715329
5,9.616778999999999,42.139428,Dire Dawa,2.6715329
8,9.700886000000001,42.103126,Dire Dawa,2.6715329
4,9.587377,41.738265,Dire Dawa,2.6715329
2,9.523417999999999,41.904651,Dire Dawa,2.6715329
0,9.560840000000001,42.084039,Dire Dawa,2.6715329
7,9.700886000000001,42.103126,Dire Dawa,2.6715329
0,9.560840000000001,42.084039,Dire Dawa,2.6715329
0,9.565253,41.97498,Dire Dawa,2.6715329
2,9.504422999999999,41.6638,Dire Dawa,2.6715329
,9.645111999999999,41.834549,Dire Dawa,2.6715329
,9.645111999999999,41.834549,Dire Dawa,2.6715329
3,9.523417999999999,41.904651,Dire Dawa,2.6715329
0,9.523417999999999,41.904651,Dire Dawa,2.6715329
0,9.560840000000001,42.084039,Dire Dawa,2.6715329
6,9.645111999999999,41.834549,Dire Dawa,2.6715329
0,9.560840000000001,42.084039,Dire Dawa,2.6715329
2,9.602402,41.866591,Dire Dawa,2.6715329
6,9.503581000000001,42.070496,Dire Dawa,2.6715329
3,9.475664999999999,41.95415,Dire Dawa,2.6715329
7,9.645111999999999,41.834549,Dire Dawa,2.6715329
0,9.565253,41.97498,Dire Dawa,2.6715329
0,9.565253,41.97498,Dire Dawa,2.6715329
3,9.503581000000001,42.070496,Dire Dawa,2.6715329
2,9.602402,41.866591,Dire Dawa,2.6715329
4,9.508095000000001,41.76715,Dire Dawa,2.6715329
5,9.700886000000001,42.103126,Dire Dawa,2.6715329
3,9.516954,41.809855,Dire Dawa,2.6715329
0,9.523417999999999,41.904651,Dire Dawa,2.6715329
5,9.616778999999999,42.139428,Dire Dawa,2.6715329
,9.602402,41.866591,Dire Dawa,2.6715329
5,8.3207,33.950245,Gambela Peoples,1.7861272
,8.251367,34.593724,Gambela Peoples,1.7861272
4,8.3207,33.950245,Gambela Peoples,1.7861272
0,7.141334,35.300238,Gambela Peoples,1.7861272
2,6.672768,35.10755,Gambela Peoples,1.7861272
2,8.033257000000001,34.53062,Gambela Peoples,1.7861272
3,7.239087,35.084009,Gambela Peoples,1.7861272
0,8.330982000000001,33.769154,Gambela Peoples,1.7861272
0,7.360278,35.293851,Gambela Peoples,1.7861272
0,7.440374,35.301623,Gambela Peoples,1.7861272
0,6.467767,35.203001,Gambela Peoples,1.7861272
0,8.171548,34.279398,Gambela Peoples,1.7861272
3,8.26131,34.574542,Gambela Peoples,1.7861272
0,8.194989,34.839966,Gambela Peoples,1.7861272
4,7.697519,34.104636,Gambela Peoples,1.7861272
0,7.355361,35.272811,Gambela Peoples,1.7861272
6,7.373419,35.237944,Gambela Peoples,1.7861272
0,7.360278,35.293851,Gambela Peoples,1.7861272
6,8.342603,34.023563,Gambela Peoples,1.7861272
0,7.355361,35.272811,Gambela Peoples,1.7861272
2,6.672768,35.10755,Gambela Peoples,1.7861272
0,6.467767,35.203001,Gambela Peoples,1.7861272
4,7.239087,35.084009,Gambela Peoples,1.7861272
3,7.266686,35.321231,Gambela Peoples,1.7861272
0,7.141334,35.300238,Gambela Peoples,1.7861272
0,6.467767,35.203001,Gambela Peoples,1.7861272
4,7.373419,35.237944,Gambela Peoples,1.7861272
4,8.194989,34.839966,Gambela Peoples,1.7861272
0,7.355361,35.272811,Gambela Peoples,1.7861272
0,7.360278,35.293851,Gambela Peoples,1.7861272
1,8.329160999999999,33.960521,Gambela Peoples,1.7861272
0,8.194989,34.839966,Gambela Peoples,1.7861272
6,7.239087,35.084009,Gambela Peoples,1.7861272
5,6.467767,35.203001,Gambela Peoples,1.7861272
2,7.306649,35.357685,Gambela Peoples,1.7861272
1,7.879919,34.535388,Gambela Peoples,1.7861272
0,7.440374,35.301623,Gambela Peoples,1.7861272
5,7.223605,35.319595,Gambela Peoples,1.7861272
3,7.697519,34.104636,Gambela Peoples,1.7861272
0,8.330982000000001,33.769154,Gambela Peoples,1.7861272
0,7.266686,35.321231,Gambela Peoples,1.7861272
2,6.672768,35.10755,Gambela Peoples,1.7861272
4,7.223605,35.319595,Gambela Peoples,1.7861272
7,8.29861,34.087771,Gambela Peoples,1.7861272
3,7.266686,35.321231,Gambela Peoples,1.7861272
5,7.697519,34.104636,Gambela Peoples,1.7861272
1,7.360278,35.293851,Gambela Peoples,1.7861272
0,7.266686,35.321231,Gambela Peoples,1.7861272
0,8.171548,34.279398,Gambela Peoples,1.7861272
3,8.033257000000001,34.53062,Gambela Peoples,1.7861272
1,8.330982000000001,33.769154,Gambela Peoples,1.7861272
3,7.306649,35.357685,Gambela Peoples,1.7861272
3,8.033257000000001,34.53062,Gambela Peoples,1.7861272
3,7.440374,35.301623,Gambela Peoples,1.7861272
1,7.266686,35.321231,Gambela Peoples,1.7861272
0,8.171548,34.279398,Gambela Peoples,1.7861272
0,7.141334,35.300238,Gambela Peoples,1.7861272
0,6.467767,35.203001,Gambela Peoples,1.7861272
4,7.697519,34.104636,Gambela Peoples,1.7861272
2,6.672768,35.10755,Gambela Peoples,1.7861272
3,7.223605,35.319595,Gambela Peoples,1.7861272
2,6.467767,35.203001,Gambela Peoples,1.7861272
0,8.033257000000001,34.53062,Gambela Peoples,1.7861272
0,7.355361,35.272811,Gambela Peoples,1.7861272
2,8.171548,34.279398,Gambela Peoples,1.7861272
1,7.306649,35.357685,Gambela Peoples,1.7861272
4,7.373419,35.237944,Gambela Peoples,1.7861272
2,8.3207,33.950245,Gambela Peoples,1.7861272
0,7.239087,35.084009,Gambela Peoples,1.7861272
5,7.223605,35.319595,Gambela Peoples,1.7861272
2,7.697519,34.104636,Gambela Peoples,1.7861272
5,7.223605,35.319595,Gambela Peoples,1.7861272
3,7.239087,35.084009,Gambela Peoples,1.7861272
0,8.171548,34.279398,Gambela Peoples,1.7861272
3,8.342603,34.023563,Gambela Peoples,1.7861272
2,7.239087,35.084009,Gambela Peoples,1.7861272
2,6.672768,35.10755,Gambela Peoples,1.7861272
0,7.440374,35.301623,Gambela Peoples,1.7861272
0,7.239087,35.084009,Gambela Peoples,1.7861272
0,7.360278,35.293851,Gambela Peoples,1.7861272
0,7.360278,35.293851,Gambela Peoples,1.7861272
0,7.355361,35.272811,Gambela Peoples,1.7861272
0,7.355361,35.272811,Gambela Peoples,1.7861272
4,8.342603,34.023563,Gambela Peoples,1.7861272
0,7.141334,35.300238,Gambela Peoples,1.7861272
0,7.141334,35.300238,Gambela Peoples,1.7861272
3,7.223605,35.319595,Gambela Peoples,1.7861272
3,7.306649,35.357685,Gambela Peoples,1.7861272
0,7.306649,35.357685,Gambela Peoples,1.7861272
0,7.266686,35.321231,Gambela Peoples,1.7861272
2,7.440374,35.301623,Gambela Peoples,1.7861272
5,7.223605,35.319595,Gambela Peoples,1.7861272
0,8.330982000000001,33.769154,Gambela Peoples,1.7861272
0,8.330982000000001,33.769154,Gambela Peoples,1.7861272
2,8.3207,33.950245,Gambela Peoples,1.7861272
2,8.329160999999999,33.960521,Gambela Peoples,1.7861272
0,8.329160999999999,33.960521,Gambela Peoples,1.7861272
0,6.467767,35.203001,Gambela Peoples,1.7861272
0,6.467767,35.203001,Gambela Peoples,1.7861272
0,8.329160999999999,33.960521,Gambela Peoples,1.7861272
3,8.033257000000001,34.53062,Gambela Peoples,1.7861272
4,8.033257000000001,34.53062,Gambela Peoples,1.7861272
2,7.697519,34.104636,Gambela Peoples,1.7861272
3,8.194989,34.839966,Gambela Peoples,1.7861272
2,8.194989,34.839966,Gambela Peoples,1.7861272
0,7.266686,35.321231,Gambela Peoples,1.7861272
1,7.360278,35.293851,Gambela Peoples,1.7861272
3,7.697519,34.104636,Gambela Peoples,1.7861272
5,8.171548,34.279398,Gambela Peoples,1.7861272
4,7.373419,35.237944,Gambela Peoples,1.7861272
0,8.171548,34.279398,Gambela Peoples,1.7861272
1,6.672768,35.10755,Gambela Peoples,1.7861272
0,8.329160999999999,33.960521,Gambela Peoples,1.7861272
4,7.697519,34.104636,Gambela Peoples,1.7861272
1,8.3207,33.950245,Gambela Peoples,1.7861272
0,8.171548,34.279398,Gambela Peoples,1.7861272
3,8.033257000000001,34.53062,Gambela Peoples,1.7861272
0,8.171548,34.279398,Gambela Peoples,1.7861272
4,7.373419,35.237944,Gambela Peoples,1.7861272
2,6.672768,35.10755,Gambela Peoples,1.7861272
0,8.171548,34.279398,Gambela Peoples,1.7861272
0,7.360278,35.293851,Gambela Peoples,1.7861272
1,8.194989,34.839966,Gambela Peoples,1.7861272
2,8.329160999999999,33.960521,Gambela Peoples,1.7861272
1,8.207685,34.25776,Gambela Peoples,1.7861272
3,7.306649,35.357685,Gambela Peoples,1.7861272
0,6.672768,35.10755,Gambela Peoples,1.7861272
0,6.467767,35.203001,Gambela Peoples,1.7861272
0,8.033257000000001,34.53062,Gambela Peoples,1.7861272
2,8.342603,34.023563,Gambela Peoples,1.7861272
5,7.373419,35.237944,Gambela Peoples,1.7861272
3,7.440374,35.301623,Gambela Peoples,1.7861272
3,7.697519,34.104636,Gambela Peoples,1.7861272
0,8.342603,34.023563,Gambela Peoples,1.7861272
2,7.306649,35.357685,Gambela Peoples,1.7861272
1,8.329160999999999,33.960521,Gambela Peoples,1.7861272
1,7.306649,35.357685,Gambela Peoples,1.7861272
7,7.223605,35.319595,Gambela Peoples,1.7861272
2,7.697519,34.104636,Gambela Peoples,1.7861272
2,7.697519,34.104636,Gambela Peoples,1.7861272
0,7.355361,35.272811,Gambela Peoples,1.7861272
0,7.141334,35.300238,Gambela Peoples,1.7861272
2,7.266686,35.321231,Gambela Peoples,1.7861272
0,7.355361,35.272811,Gambela Peoples,1.7861272
1,7.360278,35.293851,Gambela Peoples,1.7861272
0,8.330982000000001,33.769154,Gambela Peoples,1.7861272
0,8.329160999999999,33.960521,Gambela Peoples,1.7861272
0,8.330982000000001,33.769154,Gambela Peoples,1.7861272
0,7.266686,35.321231,Gambela Peoples,1.7861272
0,8.329160999999999,33.960521,Gambela Peoples,1.7861272
0,8.330982000000001,33.769154,Gambela Peoples,1.7861272
3,7.239087,35.084009,Gambela Peoples,1.7861272
0,8.342603,34.023563,Gambela Peoples,1.7861272
0,8.194989,34.839966,Gambela Peoples,1.7861272
7,7.223605,35.319595,Gambela Peoples,1.7861272
4,7.373419,35.237944,Gambela Peoples,1.7861272
2,8.3207,33.950245,Gambela Peoples,1.7861272
0,7.440374,35.301623,Gambela Peoples,1.7861272
5,7.266686,35.321231,Gambela Peoples,1.7861272
2,7.697519,34.104636,Gambela Peoples,1.7861272
0,7.360278,35.293851,Gambela Peoples,1.7861272
5,7.223605,35.319595,Gambela Peoples,1.7861272
1,8.3207,33.950245,Gambela Peoples,1.7861272
0,7.440374,35.301623,Gambela Peoples,1.7861272
0,8.342603,34.023563,Gambela Peoples,1.7861272
5,7.373419,35.237944,Gambela Peoples,1.7861272
0,7.360278,35.293851,Gambela Peoples,1.7861272
3,6.467767,35.203001,Gambela Peoples,1.7861272
3,8.329160999999999,33.960521,Gambela Peoples,1.7861272
5,7.141334,35.300238,Gambela Peoples,1.7861272
0,8.330982000000001,33.769154,Gambela Peoples,1.7861272
6,7.373419,35.237944,Gambela Peoples,1.7861272
1,7.306649,35.357685,Gambela Peoples,1.7861272
3,8.033257000000001,34.53062,Gambela Peoples,1.7861272
5,9.353842999999999,42.198629,Harari People,1.1777778
4,9.353842999999999,42.198629,Harari People,1.1777778
0,9.283992,42.165444,Harari People,1.1777778
2,9.336301000000001,42.214888,Harari People,1.1777778
0,9.38382,42.112334,Harari People,1.1777778
0,9.239561,42.084791,Harari People,1.1777778
0,9.347879000000001,42.248592,Harari People,1.1777778
2,9.291810999999999,42.101718,Harari People,1.1777778
0,9.299159,42.153175,Harari People,1.1777778
5,9.353842999999999,42.198629,Harari People,1.1777778
0,9.291810999999999,42.101718,Harari People,1.1777778
1,9.38382,42.112334,Harari People,1.1777778
1,9.246195999999999,42.153186,Harari People,1.1777778
0,9.38382,42.112334,Harari People,1.1777778
1,9.381639,42.132139,Harari People,1.1777778
0,9.281079999999999,42.135299,Harari People,1.1777778
1,9.323558,42.124729,Harari People,1.1777778
4,9.38382,42.112334,Harari People,1.1777778
0,9.377787,42.13751,Harari People,1.1777778
0,9.323558,42.124729,Harari People,1.1777778
0,9.347879000000001,42.248592,Harari People,1.1777778
6,9.353842999999999,42.198629,Harari People,1.1777778
4,9.309889999999999,42.103071,Harari People,1.1777778
0,9.323558,42.124729,Harari People,1.1777778
3,9.336301000000001,42.214888,Harari People,1.1777778
3,9.357892,42.07233,Harari People,1.1777778
1,9.291810999999999,42.101718,Harari People,1.1777778
0,9.283992,42.165444,Harari People,1.1777778
0,9.377787,42.13751,Harari People,1.1777778
0,9.336301000000001,42.214888,Harari People,1.1777778
1,9.283992,42.165444,Harari People,1.1777778
0,9.381271999999999,42.111284,Harari People,1.1777778
1,9.381639,42.132139,Harari People,1.1777778
0,9.381639,42.132139,Harari People,1.1777778
0,9.347879000000001,42.248592,Harari People,1.1777778
0,9.239561,42.084791,Harari People,1.1777778
0,9.392488,42.253984,Harari People,1.1777778
0,9.328208999999999,42.142938,Harari People,1.1777778
0,9.246195999999999,42.153186,Harari People,1.1777778
3,9.336301000000001,42.214888,Harari People,1.1777778
0,9.328208999999999,42.142938,Harari People,1.1777778
3,9.357892,42.07233,Harari People,1.1777778
0,9.347879000000001,42.248592,Harari People,1.1777778
2,9.381639,42.132139,Harari People,1.1777778
6,9.353842999999999,42.198629,Harari People,1.1777778
0,9.381639,42.132139,Harari People,1.1777778
0,9.246195999999999,42.153186,Harari People,1.1777778
0,9.291810999999999,42.101718,Harari People,1.1777778
3,9.336301000000001,42.214888,Harari People,1.1777778
2,9.281079999999999,42.135299,Harari People,1.1777778
1,9.336301000000001,42.214888,Harari People,1.1777778
0,9.328208999999999,42.142938,Harari People,1.1777778
0,9.392488,42.253984,Harari People,1.1777778
1,9.357892,42.07233,Harari People,1.1777778
1,9.336301000000001,42.214888,Harari People,1.1777778
5,9.309889999999999,42.103071,Harari People,1.1777778
0,9.299159,42.153175,Harari People,1.1777778
0,9.246195999999999,42.153186,Harari People,1.1777778
0,9.347879000000001,42.248592,Harari People,1.1777778
5,9.381271999999999,42.111284,Harari People,1.1777778
0,9.336301000000001,42.214888,Harari People,1.1777778
0,9.328208999999999,42.142938,Harari People,1.1777778
1,9.381271999999999,42.111284,Harari People,1.1777778
0,9.281079999999999,42.135299,Harari People,1.1777778
0,9.347879000000001,42.248592,Harari People,1.1777778
0,9.309889999999999,42.103071,Harari People,1.1777778
0,9.246195999999999,42.153186,Harari People,1.1777778
0,9.381639,42.132139,Harari People,1.1777778
0,9.38382,42.112334,Harari People,1.1777778
0,9.283992,42.165444,Harari People,1.1777778
0,9.347879000000001,42.248592,Harari People,1.1777778
0,9.392488,42.253984,Harari People,1.1777778
0,9.377787,42.13751,Harari People,1.1777778
6,9.353842999999999,42.198629,Harari People,1.1777778
0,9.377787,42.13751,Harari People,1.1777778
0,9.328208999999999,42.142938,Harari People,1.1777778
0,9.281079999999999,42.135299,Harari People,1.1777778
0,9.38382,42.112334,Harari People,1.1777778
0,9.281079999999999,42.135299,Harari People,1.1777778
0,9.239561,42.084791,Harari People,1.1777778
0,9.357892,42.07233,Harari People,1.1777778
0,9.239561,42.084791,Harari People,1.1777778
0,9.309889999999999,42.103071,Harari People,1.1777778
7,9.38382,42.112334,Harari People,1.1777778
4,9.323558,42.124729,Harari People,1.1777778
4,9.353842999999999,42.198629,Harari People,1.1777778
0,9.281079999999999,42.135299,Harari People,1.1777778
0,9.309889999999999,42.103071,Harari People,1.1777778
0,9.381271999999999,42.111284,Harari People,1.1777778
0,9.239561,42.084791,Harari People,1.1777778
4,9.336301000000001,42.214888,Harari People,1.1777778
2,9.309889999999999,42.103071,Harari People,1.1777778
0,9.381271999999999,42.111284,Harari People,1.1777778
0,9.309889999999999,42.103071,Harari People,1.1777778
8,9.377787,42.13751,Harari People,1.1777778
2,9.291810999999999,42.101718,Harari People,1.1777778
0,9.381639,42.132139,Harari People,1.1777778
7,9.392488,42.253984,Harari People,1.1777778
0,9.246195999999999,42.153186,Harari People,1.1777778
2,9.283992,42.165444,Harari People,1.1777778
3,9.357892,42.07233,Harari People,1.1777778
0,9.281079999999999,42.135299,Harari People,1.1777778
2,9.299159,42.153175,Harari People,1.1777778
0,9.377787,42.13751,Harari People,1.1777778
0,9.309889999999999,42.103071,Harari People,1.1777778
0,9.309889999999999,42.103071,Harari People,1.1777778
0,9.38382,42.112334,Harari People,1.1777778
0,9.328208999999999,42.142938,Harari People,1.1777778
0,9.328208999999999,42.142938,Harari People,1.1777778
0,9.357892,42.07233,Harari People,1.1777778
0,9.309889999999999,42.103071,Harari People,1.1777778
0,9.392488,42.253984,Harari People,1.1777778
0,9.392488,42.253984,Harari People,1.1777778
0,9.377787,42.13751,Harari People,1.1777778
5,9.353842999999999,42.198629,Harari People,1.1777778
0,9.323558,42.124729,Harari People,1.1777778
3,9.357892,42.07233,Harari People,1.1777778
4,9.381271999999999,42.111284,Harari People,1.1777778
0,9.246195999999999,42.153186,Harari People,1.1777778
0,9.239561,42.084791,Harari People,1.1777778
7,9.381271999999999,42.111284,Harari People,1.1777778
0,9.299159,42.153175,Harari People,1.1777778
0,9.381639,42.132139,Harari People,1.1777778
0,9.323558,42.124729,Harari People,1.1777778
0,9.381271999999999,42.111284,Harari People,1.1777778
0,9.283992,42.165444,Harari People,1.1777778
5,9.357892,42.07233,Harari People,1.1777778
4,9.291810999999999,42.101718,Harari People,1.1777778
0,9.246195999999999,42.153186,Harari People,1.1777778
0,9.299159,42.153175,Harari People,1.1777778
0,9.299159,42.153175,Harari People,1.1777778
0,9.239561,42.084791,Harari People,1.1777778
4,9.336301000000001,42.214888,Harari People,1.1777778
6,9.353842999999999,42.198629,Harari People,1.1777778
0,9.323558,42.124729,Harari People,1.1777778
5,9.392488,42.253984,Harari People,1.1777778
0,9.283992,42.165444,Harari People,1.1777778
0,9.377787,42.13751,Harari People,1.1777778
0,9.392488,42.253984,Harari People,1.1777778
0,9.309889999999999,42.103071,Harari People,1.1777778
0,9.246195999999999,42.153186,Harari People,1.1777778
4,9.381271999999999,42.111284,Harari People,1.1777778
0,9.291810999999999,42.101718,Harari People,1.1777778
4,9.357892,42.07233,Harari People,1.1777778
0,9.381271999999999,42.111284,Harari People,1.1777778
0,9.38382,42.112334,Harari People,1.1777778
0,9.299159,42.153175,Harari People,1.1777778
0,9.328208999999999,42.142938,Harari People,1.1777778
0,9.38382,42.112334,Harari People,1.1777778
0,9.347879000000001,42.248592,Harari People,1.1777778
0,9.281079999999999,42.135299,Harari People,1.1777778
3,9.336301000000001,42.214888,Harari People,1.1777778
0,9.299159,42.153175,Harari People,1.1777778
0,9.283992,42.165444,Harari People,1.1777778
0,9.381271999999999,42.111284,Harari People,1.1777778
0,9.283992,42.165444,Harari People,1.1777778
0,9.38382,42.112334,Harari People,1.1777778
0,9.328208999999999,42.142938,Harari People,1.1777778
0,9.347879000000001,42.248592,Harari People,1.1777778
2,9.291810999999999,42.101718,Harari People,1.1777778
3,9.336301000000001,42.214888,Harari People,1.1777778
0,9.281079999999999,42.135299,Harari People,1.1777778
0,9.246195999999999,42.153186,Harari People,1.1777778
1,9.323558,42.124729,Harari People,1.1777778
0,9.392488,42.253984,Harari People,1.1777778
1,9.299159,42.153175,Harari People,1.1777778
6,9.281079999999999,42.135299,Harari People,1.1777778
0,9.283992,42.165444,Harari People,1.1777778
5,9.353842999999999,42.198629,Harari People,1.1777778
0,9.283992,42.165444,Harari People,1.1777778
0,9.309889999999999,42.103071,Harari People,1.1777778
8,9.377787,42.13751,Harari People,1.1777778
2,9.239561,42.084791,Harari People,1.1777778
1,9.291810999999999,42.101718,Harari People,1.1777778
0,9.239561,42.084791,Harari People,1.1777778
0,9.381639,42.132139,Harari People,1.1777778
0,9.283992,42.165444,Harari People,1.1777778
0,9.377787,42.13751,Harari People,1.1777778
0,9.328208999999999,42.142938,Harari People,1.1777778
0,9.381639,42.132139,Harari People,1.1777778
8,4.847464,38.074888,Oromiya,3.6631579
7,7.284993,39.250598,Oromiya,3.6631579
6,8.419295,38.100956,Oromiya,3.6631579
6,5.967587,38.714848,Oromiya,3.6631579
6,9.137269,38.287511,Oromiya,3.6631579
7,9.137269,38.287511,Oromiya,3.6631579
5,7.612681,36.823272,Oromiya,3.6631579
8,4.847464,38.074888,Oromiya,3.6631579
6,5.967587,38.714848,Oromiya,3.6631579
2,8.422705000000001,36.368851,Oromiya,3.6631579
0,9.433075000000001,38.800931,Oromiya,3.6631579
5,9.433075000000001,38.800931,Oromiya,3.6631579
5,4.964843,37.410752,Oromiya,3.6631579
0,6.644345,39.144921,Oromiya,3.6631579
4,8.308407000000001,36.645301,Oromiya,3.6631579
6,8.470801,40.41826,Oromiya,3.6631579
2,8.735441,39.772198,Oromiya,3.6631579
2,7.323858,39.294923,Oromiya,3.6631579
3,8.422705000000001,36.368851,Oromiya,3.6631579
8,8.970294000000001,36.525711,Oromiya,3.6631579
8,8.655881000000001,35.921874,Oromiya,3.6631579
0,7.809809,39.587104,Oromiya,3.6631579
4,9.112666000000001,41.025543,Oromiya,3.6631579
2,8.837192,38.567746,Oromiya,3.6631579
5,8.450437000000001,38.326755,Oromiya,3.6631579
8,7.00635,40.995021,Oromiya,3.6631579
1,8.470801,40.41826,Oromiya,3.6631579
6,7.284993,39.250598,Oromiya,3.6631579
5,8.450437000000001,38.326755,Oromiya,3.6631579
4,8.655881000000001,35.921874,Oromiya,3.6631579
0,9.371105999999999,37.999776,Oromiya,3.6631579
8,7.152917,38.092592,Oromiya,3.6631579
3,7.95824,36.514731,Oromiya,3.6631579
5,7.284993,39.250598,Oromiya,3.6631579
5,9.371105999999999,37.999776,Oromiya,3.6631579
8,7.284993,39.250598,Oromiya,3.6631579
0,7.213126,40.005776,Oromiya,3.6631579
1,9.691207,38.754965,Oromiya,3.6631579
0,9.46167,42.173311,Oromiya,3.6631579
5,8.419295,38.100956,Oromiya,3.6631579
6,9.044007000000001,40.876186,Oromiya,3.6631579
5,7.725078,37.384847,Oromiya,3.6631579
3,9.174655,41.629606,Oromiya,3.6631579
0,8.755105,38.902087,Oromiya,3.6631579
6,7.152917,38.092592,Oromiya,3.6631579
4,8.308407000000001,36.645301,Oromiya,3.6631579
0,8.513505,39.602374,Oromiya,3.6631579
3,9.210001999999999,37.333313,Oromiya,3.6631579
2,9.371105999999999,37.999776,Oromiya,3.6631579
0,7.323858,39.294923,Oromiya,3.6631579
1,7.809809,39.587104,Oromiya,3.6631579
5,9.137269,38.287511,Oromiya,3.6631579
8,4.847464,38.074888,Oromiya,3.6631579
0,7.213126,40.005776,Oromiya,3.6631579
7,7.152917,38.092592,Oromiya,3.6631579
8,4.847464,38.074888,Oromiya,3.6631579
0,9.433075000000001,38.800931,Oromiya,3.6631579
8,9.174655,41.629606,Oromiya,3.6631579
0,8.513505,39.602374,Oromiya,3.6631579
0,9.426875000000001,41.764614,Oromiya,3.6631579
7,7.284993,39.250598,Oromiya,3.6631579
5,8.308407000000001,36.645301,Oromiya,3.6631579
8,9.691207,38.754965,Oromiya,3.6631579
8,9.433075000000001,38.800931,Oromiya,3.6631579
6,9.137269,38.287511,Oromiya,3.6631579
0,6.644345,39.144921,Oromiya,3.6631579
2,9.426875000000001,41.764614,Oromiya,3.6631579
0,9.044007000000001,40.876186,Oromiya,3.6631579
0,8.316306000000001,35.721512,Oromiya,3.6631579
8,8.655881000000001,35.921874,Oromiya,3.6631579
7,8.970294000000001,36.525711,Oromiya,3.6631579
0,7.213126,40.005776,Oromiya,3.6631579
0,7.213126,40.005776,Oromiya,3.6631579
7,8.450437000000001,38.326755,Oromiya,3.6631579
0,7.213126,40.005776,Oromiya,3.6631579
7,7.152917,38.092592,Oromiya,3.6631579
2,9.112666000000001,41.025543,Oromiya,3.6631579
3,7.95824,36.514731,Oromiya,3.6631579
1,7.809809,39.587104,Oromiya,3.6631579
7,7.612681,36.823272,Oromiya,3.6631579
4,7.95824,36.514731,Oromiya,3.6631579
2,9.174655,41.629606,Oromiya,3.6631579
0,8.513505,39.602374,Oromiya,3.6631579
0,9.46167,42.173311,Oromiya,3.6631579
4,8.308407000000001,36.645301,Oromiya,3.6631579
1,7.95824,36.514731,Oromiya,3.6631579
0,7.809809,39.587104,Oromiya,3.6631579
6,8.419295,38.100956,Oromiya,3.6631579
4,7.612681,36.823272,Oromiya,3.6631579
3,9.426875000000001,41.764614,Oromiya,3.6631579
5,8.419295,38.100956,Oromiya,3.6631579
7,8.422705000000001,36.368851,Oromiya,3.6631579
6,4.964843,37.410752,Oromiya,3.6631579
0,8.419295,38.100956,Oromiya,3.6631579
0,6.644345,39.144921,Oromiya,3.6631579
0,8.316306000000001,35.721512,Oromiya,3.6631579
0,7.809809,39.587104,Oromiya,3.6631579
3,8.837192,38.567746,Oromiya,3.6631579
0,9.46167,42.173311,Oromiya,3.6631579
8,9.433075000000001,38.800931,Oromiya,3.6631579
5,8.470801,40.41826,Oromiya,3.6631579
0,9.044007000000001,40.876186,Oromiya,3.6631579
6,5.284783,39.74843,Oromiya,3.6631579
7,4.964843,37.410752,Oromiya,3.6631579
5,8.450437000000001,38.326755,Oromiya,3.6631579
5,9.321020000000001,37.197002,Oromiya,3.6631579
6,5.284783,39.74843,Oromiya,3.6631579
4,9.210001999999999,37.333313,Oromiya,3.6631579
7,4.964843,37.410752,Oromiya,3.6631579
6,5.967587,38.714848,Oromiya,3.6631579
0,9.174655,41.629606,Oromiya,3.6631579
8,7.00635,40.995021,Oromiya,3.6631579
4,9.426875000000001,41.764614,Oromiya,3.6631579
6,5.284783,39.74843,Oromiya,3.6631579
3,8.308407000000001,36.645301,Oromiya,3.6631579
2,5.284783,39.74843,Oromiya,3.6631579
4,9.426875000000001,41.764614,Oromiya,3.6631579
8,9.433075000000001,38.800931,Oromiya,3.6631579
7,4.964843,37.410752,Oromiya,3.6631579
7,7.152917,38.092592,Oromiya,3.6631579
2,7.725078,37.384847,Oromiya,3.6631579
2,7.323858,39.294923,Oromiya,3.6631579
0,7.95824,36.514731,Oromiya,3.6631579
3,9.371105999999999,37.999776,Oromiya,3.6631579
2,7.725078,37.384847,Oromiya,3.6631579
0,9.044007000000001,40.876186,Oromiya,3.6631579
6,8.308407000000001,36.645301,Oromiya,3.6631579
0,6.644345,39.144921,Oromiya,3.6631579
1,7.725078,37.384847,Oromiya,3.6631579
0,9.46167,42.173311,Oromiya,3.6631579
6,5.967587,38.714848,Oromiya,3.6631579
4,9.112666000000001,41.025543,Oromiya,3.6631579
2,9.210001999999999,37.333313,Oromiya,3.6631579
0,8.513505,39.602374,Oromiya,3.6631579
7,4.964843,37.410752,Oromiya,3.6631579
4,9.426875000000001,41.764614,Oromiya,3.6631579
8,7.00635,40.995021,Oromiya,3.6631579
3,8.316306000000001,35.721512,Oromiya,3.6631579
8,8.970294000000001,36.525711,Oromiya,3.6631579
7,8.970294000000001,36.525711,Oromiya,3.6631579
8,4.964843,37.410752,Oromiya,3.6631579
6,8.450437000000001,38.326755,Oromiya,3.6631579
0,8.735441,39.772198,Oromiya,3.6631579
8,4.847464,38.074888,Oromiya,3.6631579
7,5.967587,38.714848,Oromiya,3.6631579
0,8.422705000000001,36.368851,Oromiya,3.6631579
5,9.426875000000001,41.764614,Oromiya,3.6631579
0,7.95824,36.514731,Oromiya,3.6631579
0,7.213126,40.005776,Oromiya,3.6631579
3,9.691207,38.754965,Oromiya,3.6631579
4,8.970294000000001,36.525711,Oromiya,3.6631579
2,7.809809,39.587104,Oromiya,3.6631579
4,7.95824,36.514731,Oromiya,3.6631579
7,6.644345,39.144921,Oromiya,3.6631579
8,8.422705000000001,36.368851,Oromiya,3.6631579
8,7.00635,40.995021,Oromiya,3.6631579
,5.284783,39.74843,Oromiya,3.6631579
0,9.112666000000001,41.025543,Oromiya,3.6631579
2,7.809809,39.587104,Oromiya,3.6631579
6,7.725078,37.384847,Oromiya,3.6631579
1,8.316306000000001,35.721512,Oromiya,3.6631579
6,9.321020000000001,37.197002,Oromiya,3.6631579
7,8.655881000000001,35.921874,Oromiya,3.6631579
3,9.46167,42.173311,Oromiya,3.6631579
7,9.321020000000001,37.197002,Oromiya,3.6631579
0,9.044007000000001,40.876186,Oromiya,3.6631579
4,9.137269,38.287511,Oromiya,3.6631579
7,7.152917,38.092592,Oromiya,3.6631579
4,8.735441,39.772198,Oromiya,3.6631579
0,8.316306000000001,35.721512,Oromiya,3.6631579
0,8.422705000000001,36.368851,Oromiya,3.6631579
0,8.735441,39.772198,Oromiya,3.6631579
0,8.513505,39.602374,Oromiya,3.6631579
6,9.112666000000001,41.025543,Oromiya,3.6631579
8,9.174655,41.629606,Oromiya,3.6631579
0,8.513505,39.602374,Oromiya,3.6631579
7,9.137269,38.287511,Oromiya,3.6631579
6,9.137269,38.287511,Oromiya,3.6631579
3,8.470801,40.41826,Oromiya,3.6631579
2,8.316306000000001,35.721512,Oromiya,3.6631579
7,8.655881000000001,35.921874,Oromiya,3.6631579
7,8.450437000000001,38.326755,Oromiya,3.6631579
0,8.419295,38.100956,Oromiya,3.6631579
3,8.837192,38.567746,Oromiya,3.6631579
0,8.470801,40.41826,Oromiya,3.6631579
1,8.308407000000001,36.645301,Oromiya,3.6631579
0,9.044007000000001,40.876186,Oromiya,3.6631579
6,9.210001999999999,37.333313,Oromiya,3.6631579
8,4.847464,38.074888,Oromiya,3.6631579
0,7.809809,39.587104,Oromiya,3.6631579
2,8.655881000000001,35.921874,Oromiya,3.6631579
2,7.323858,39.294923,Oromiya,3.6631579
0,7.213126,40.005776,Oromiya,3.6631579
7,8.970294000000001,36.525711,Oromiya,3.6631579
7,8.450437000000001,38.326755,Oromiya,3.6631579
7,4.847464,38.074888,Oromiya,3.6631579
0,7.725078,37.384847,Oromiya,3.6631579
2,9.174655,41.629606,Oromiya,3.6631579
6,8.419295,38.100956,Oromiya,3.6631579
8,8.655881000000001,35.921874,Oromiya,3.6631579
2,8.755105,38.902087,Oromiya,3.6631579
6,5.284783,39.74843,Oromiya,3.6631579
0,9.433075000000001,38.800931,Oromiya,3.6631579
6,5.284783,39.74843,Oromiya,3.6631579
8,4.847464,38.074888,Oromiya,3.6631579
5,9.137269,38.287511,Oromiya,3.6631579
2,7.284993,39.250598,Oromiya,3.6631579
6,9.426875000000001,41.764614,Oromiya,3.6631579
0,8.755105,38.902087,Oromiya,3.6631579
1,9.46167,42.173311,Oromiya,3.6631579
0,8.422705000000001,36.368851,Oromiya,3.6631579
1,8.308407000000001,36.645301,Oromiya,3.6631579
0,9.396182,38.835212,Oromiya,3.6631579
1,8.422705000000001,36.368851,Oromiya,3.6631579
8,9.174655,41.629606,Oromiya,3.6631579
3,9.691207,38.754965,Oromiya,3.6631579
7,6.644345,39.144921,Oromiya,3.6631579
8,4.847464,38.074888,Oromiya,3.6631579
7,8.735441,39.772198,Oromiya,3.6631579
6,8.837192,38.567746,Oromiya,3.6631579
6,8.308407000000001,36.645301,Oromiya,3.6631579
7,7.152917,38.092592,Oromiya,3.6631579
1,8.450437000000001,38.326755,Oromiya,3.6631579
3,9.210001999999999,37.333313,Oromiya,3.6631579
7,5.284783,39.74843,Oromiya,3.6631579
5,8.735441,39.772198,Oromiya,3.6631579
8,8.422705000000001,36.368851,Oromiya,3.6631579
3,9.112666000000001,41.025543,Oromiya,3.6631579
0,8.513505,39.602374,Oromiya,3.6631579
0,9.46167,42.173311,Oromiya,3.6631579
2,8.755105,38.902087,Oromiya,3.6631579
4,8.755105,38.902087,Oromiya,3.6631579
6,5.967587,38.714848,Oromiya,3.6631579
8,9.174655,41.629606,Oromiya,3.6631579
1,8.470801,40.41826,Oromiya,3.6631579
3,8.513505,39.602374,Oromiya,3.6631579
5,9.321020000000001,37.197002,Oromiya,3.6631579
3,9.044007000000001,40.876186,Oromiya,3.6631579
8,4.847464,38.074888,Oromiya,3.6631579
0,9.433075000000001,38.800931,Oromiya,3.6631579
0,8.513505,39.602374,Oromiya,3.6631579
0,9.433075000000001,38.800931,Oromiya,3.6631579
3,9.371105999999999,37.999776,Oromiya,3.6631579
7,5.284783,39.74843,Oromiya,3.6631579
4,9.137269,38.287511,Oromiya,3.6631579
3,8.655881000000001,35.921874,Oromiya,3.6631579
3,9.210001999999999,37.333313,Oromiya,3.6631579
0,8.513505,39.602374,Oromiya,3.6631579
6,5.967587,38.714848,Oromiya,3.6631579
7,9.691207,38.754965,Oromiya,3.6631579
0,9.044007000000001,40.876186,Oromiya,3.6631579
8,9.112666000000001,41.025543,Oromiya,3.6631579
7,4.964843,37.410752,Oromiya,3.6631579
8,7.00635,40.995021,Oromiya,3.6631579
5,7.95824,36.514731,Oromiya,3.6631579
2,7.284993,39.250598,Oromiya,3.6631579
5,8.837192,38.567746,Oromiya,3.6631579
8,7.612681,36.823272,Oromiya,3.6631579
5,7.152917,38.092592,Oromiya,3.6631579
1,8.470801,40.41826,Oromiya,3.6631579
4,9.210001999999999,37.333313,Oromiya,3.6631579
0,7.612681,36.823272,Oromiya,3.6631579
2,8.316306000000001,35.721512,Oromiya,3.6631579
3,7.284993,39.250598,Oromiya,3.6631579
3,9.321020000000001,37.197002,Oromiya,3.6631579
0,7.323858,39.294923,Oromiya,3.6631579
6,8.970294000000001,36.525711,Oromiya,3.6631579
2,8.316306000000001,35.721512,Oromiya,3.6631579
6,8.970294000000001,36.525711,Oromiya,3.6631579
0,8.755105,38.902087,Oromiya,3.6631579
3,7.809809,39.587104,Oromiya,3.6631579
0,7.213126,40.005776,Oromiya,3.6631579
0,8.755105,38.902087,Oromiya,3.6631579
3,8.755105,38.902087,Oromiya,3.6631579
7,9.426875000000001,41.764614,Oromiya,3.6631579
0,9.044007000000001,40.876186,Oromiya,3.6631579
3,7.612681,36.823272,Oromiya,3.6631579
4,9.321020000000001,37.197002,Oromiya,3.6631579
1,9.371105999999999,37.999776,Oromiya,3.6631579
4,7.612681,36.823272,Oromiya,3.6631579
5,8.837192,38.567746,Oromiya,3.6631579
0,8.735441,39.772198,Oromiya,3.6631579
0,7.213126,40.005776,Oromiya,3.6631579
2,7.725078,37.384847,Oromiya,3.6631579
5,9.321020000000001,37.197002,Oromiya,3.6631579
8,7.284993,39.250598,Oromiya,3.6631579
8,6.644345,39.144921,Oromiya,3.6631579
0,7.323858,39.294923,Oromiya,3.6631579
7,8.450437000000001,38.326755,Oromiya,3.6631579
3,8.837192,38.567746,Oromiya,3.6631579
6,7.612681,36.823272,Oromiya,3.6631579
0,7.323858,39.294923,Oromiya,3.6631579
2,5.284783,39.74843,Oromiya,3.6631579
5,7.284993,39.250598,Oromiya,3.6631579
6,5.967587,38.714848,Oromiya,3.6631579
6,9.210001999999999,37.333313,Oromiya,3.6631579
2,7.00635,40.995021,Oromiya,3.6631579
5,9.321020000000001,37.197002,Oromiya,3.6631579
7,7.152917,38.092592,Oromiya,3.6631579
1,6.644345,39.144921,Oromiya,3.6631579
0,8.470801,40.41826,Oromiya,3.6631579
1,8.655881000000001,35.921874,Oromiya,3.6631579
4,9.371105999999999,37.999776,Oromiya,3.6631579
4,9.210001999999999,37.333313,Oromiya,3.6631579
6,8.837192,38.567746,Oromiya,3.6631579
0,8.755105,38.902087,Oromiya,3.6631579
0,9.112666000000001,41.025543,Oromiya,3.6631579
6,8.837192,38.567746,Oromiya,3.6631579
6,8.837192,38.567746,Oromiya,3.6631579
0,8.755105,38.902087,Oromiya,3.6631579
6,7.00635,40.995021,Oromiya,3.6631579
2,9.691207,38.754965,Oromiya,3.6631579
0,7.809809,39.587104,Oromiya,3.6631579
6,7.152917,38.092592,Oromiya,3.6631579
1,8.419295,38.100956,Oromiya,3.6631579
6,8.970294000000001,36.525711,Oromiya,3.6631579
7,8.735441,39.772198,Oromiya,3.6631579
0,6.644345,39.144921,Oromiya,3.6631579
4,7.323858,39.294923,Oromiya,3.6631579
0,8.755105,38.902087,Oromiya,3.6631579
7,9.321020000000001,37.197002,Oromiya,3.6631579
7,8.450437000000001,38.326755,Oromiya,3.6631579
0,8.735441,39.772198,Oromiya,3.6631579
8,7.152917,38.092592,Oromiya,3.6631579
3,9.371105999999999,37.999776,Oromiya,3.6631579
0,8.422705000000001,36.368851,Oromiya,3.6631579
6,7.00635,40.995021,Oromiya,3.6631579
0,7.00635,40.995021,Oromiya,3.6631579
0,8.755105,38.902087,Oromiya,3.6631579
0,9.433075000000001,38.800931,Oromiya,3.6631579
0,8.735441,39.772198,Oromiya,3.6631579
8,9.174655,41.629606,Oromiya,3.6631579
7,5.967587,38.714848,Oromiya,3.6631579
5,9.691207,38.754965,Oromiya,3.6631579
7,7.152917,38.092592,Oromiya,3.6631579
0,7.213126,40.005776,Oromiya,3.6631579
0,7.323858,39.294923,Oromiya,3.6631579
5,9.321020000000001,37.197002,Oromiya,3.6631579
1,9.691207,38.754965,Oromiya,3.6631579
5,9.691207,38.754965,Oromiya,3.6631579
0,7.00635,40.995021,Oromiya,3.6631579
0,7.323858,39.294923,Oromiya,3.6631579
0,7.213126,40.005776,Oromiya,3.6631579
4,9.137269,38.287511,Oromiya,3.6631579
0,7.95824,36.514731,Oromiya,3.6631579
7,4.964843,37.410752,Oromiya,3.6631579
4,8.316306000000001,35.721512,Oromiya,3.6631579
0,8.419295,38.100956,Oromiya,3.6631579
6,5.967587,38.714848,Oromiya,3.6631579
6,8.308407000000001,36.645301,Oromiya,3.6631579
5,9.321020000000001,37.197002,Oromiya,3.6631579
1,9.371105999999999,37.999776,Oromiya,3.6631579
7,6.644345,39.144921,Oromiya,3.6631579
0,7.323858,39.294923,Oromiya,3.6631579
2,9.46167,42.173311,Oromiya,3.6631579
7,4.964843,37.410752,Oromiya,3.6631579
1,9.321020000000001,37.197002,Oromiya,3.6631579
8,9.691207,38.754965,Oromiya,3.6631579
1,7.725078,37.384847,Oromiya,3.6631579
8,8.419295,38.100956,Oromiya,3.6631579
8,7.612681,36.823272,Oromiya,3.6631579
0,6.644345,39.144921,Oromiya,3.6631579
6,7.612681,36.823272,Oromiya,3.6631579
8,8.970294000000001,36.525711,Oromiya,3.6631579
0,7.95824,36.514731,Oromiya,3.6631579
5,9.426875000000001,41.764614,Oromiya,3.6631579
8,9.46167,42.173311,Oromiya,3.6631579
6,9.691207,38.754965,Oromiya,3.6631579
3,7.213126,40.005776,Oromiya,3.6631579
8,9.174655,41.629606,Oromiya,3.6631579
1,9.112666000000001,41.025543,Oromiya,3.6631579
4,9.210001999999999,37.333313,Oromiya,3.6631579
0,9.112666000000001,41.025543,Oromiya,3.6631579
0,8.513505,39.602374,Oromiya,3.6631579
3,7.725078,37.384847,Oromiya,3.6631579
0,8.316306000000001,35.721512,Oromiya,3.6631579
0,8.470801,40.41826,Oromiya,3.6631579
0,8.470801,40.41826,Oromiya,3.6631579
0,9.46167,42.173311,Oromiya,3.6631579
4,9.210001999999999,37.333313,Oromiya,3.6631579
7,9.210001999999999,37.333313,Oromiya,3.6631579
0,7.206593,37.574818,"Southern Nations, Nationalities and Peoples",3.5673759
3,6.59737,38.747923,"Southern Nations, Nationalities and Peoples",3.5673759
7,4.744136,36.045393,"Southern Nations, Nationalities and Peoples",3.5673759
1,6.329962,36.622394,"Southern Nations, Nationalities and Peoples",3.5673759
0,7.821421,37.834403,"Southern Nations, Nationalities and Peoples",3.5673759
0,7.067583,35.668778,"Southern Nations, Nationalities and Peoples",3.5673759
7,4.744136,36.045393,"Southern Nations, Nationalities and Peoples",3.5673759
3,6.329962,36.622394,"Southern Nations, Nationalities and Peoples",3.5673759
8,6.245922,37.400823,"Southern Nations, Nationalities and Peoples",3.5673759
0,7.389017,37.896339,"Southern Nations, Nationalities and Peoples",3.5673759
5,7.008084,37.97124,"Southern Nations, Nationalities and Peoples",3.5673759
0,5.594843,37.337118,"Southern Nations, Nationalities and Peoples",3.5673759
8,7.121575,37.969646,"Southern Nations, Nationalities and Peoples",3.5673759
5,6.59737,38.747923,"Southern Nations, Nationalities and Peoples",3.5673759
7,7.206593,37.574818,"Southern Nations, Nationalities and Peoples",3.5673759
3,5.594843,37.337118,"Southern Nations, Nationalities and Peoples",3.5673759
5,6.484507,38.602662,"Southern Nations, Nationalities and Peoples",3.5673759
3,6.59737,38.747923,"Southern Nations, Nationalities and Peoples",3.5673759
1,7.081998,37.023839,"Southern Nations, Nationalities and Peoples",3.5673759
4,8.023101,38.245054,"Southern Nations, Nationalities and Peoples",3.5673759
4,6.860853,37.532325,"Southern Nations, Nationalities and Peoples",3.5673759
0,6.783122,36.598497,"Southern Nations, Nationalities and Peoples",3.5673759
3,6.034243,37.359345,"Southern Nations, Nationalities and Peoples",3.5673759
1,5.594843,37.337118,"Southern Nations, Nationalities and Peoples",3.5673759
4,7.13926,35.421897,"Southern Nations, Nationalities and Peoples",3.5673759
3,6.635978,37.292589,"Southern Nations, Nationalities and Peoples",3.5673759
3,6.519602,38.720087,"Southern Nations, Nationalities and Peoples",3.5673759
0,6.519602,38.720087,"Southern Nations, Nationalities and Peoples",3.5673759
5,6.59737,38.747923,"Southern Nations, Nationalities and Peoples",3.5673759
5,7.765698,37.45714,"Southern Nations, Nationalities and Peoples",3.5673759
0,5.889756,36.575274,"Southern Nations, Nationalities and Peoples",3.5673759
6,7.656919,38.299458,"Southern Nations, Nationalities and Peoples",3.5673759
2,5.315198,37.234631,"Southern Nations, Nationalities and Peoples",3.5673759
7,7.212401,37.339584,"Southern Nations, Nationalities and Peoples",3.5673759
0,7.067583,35.668778,"Southern Nations, Nationalities and Peoples",3.5673759
1,6.272269,38.341768,"Southern Nations, Nationalities and Peoples",3.5673759
1,5.594843,37.337118,"Southern Nations, Nationalities and Peoples",3.5673759
3,7.656919,38.299458,"Southern Nations, Nationalities and Peoples",3.5673759
3,6.813211,37.462132,"Southern Nations, Nationalities and Peoples",3.5673759
4,6.034243,37.359345,"Southern Nations, Nationalities and Peoples",3.5673759
4,8.023101,38.245054,"Southern Nations, Nationalities and Peoples",3.5673759
7,6.484507,38.602662,"Southern Nations, Nationalities and Peoples",3.5673759
5,6.034243,37.359345,"Southern Nations, Nationalities and Peoples",3.5673759
4,6.794055,38.221789,"Southern Nations, Nationalities and Peoples",3.5673759
3,8.247408,38.308406,"Southern Nations, Nationalities and Peoples",3.5673759
7,6.484507,38.602662,"Southern Nations, Nationalities and Peoples",3.5673759
0,5.889756,36.575274,"Southern Nations, Nationalities and Peoples",3.5673759
4,7.656919,38.299458,"Southern Nations, Nationalities and Peoples",3.5673759
0,8.247408,38.308406,"Southern Nations, Nationalities and Peoples",3.5673759
0,7.879094,37.58029,"Southern Nations, Nationalities and Peoples",3.5673759
7,6.245922,37.400823,"Southern Nations, Nationalities and Peoples",3.5673759
0,6.291121,36.588912,"Southern Nations, Nationalities and Peoples",3.5673759
2,6.272269,38.341768,"Southern Nations, Nationalities and Peoples",3.5673759
3,7.13926,35.421897,"Southern Nations, Nationalities and Peoples",3.5673759
7,8.023101,38.245054,"Southern Nations, Nationalities and Peoples",3.5673759
4,6.097656,38.157655,"Southern Nations, Nationalities and Peoples",3.5673759
2,6.329962,36.622394,"Southern Nations, Nationalities and Peoples",3.5673759
3,7.220868,38.169331,"Southern Nations, Nationalities and Peoples",3.5673759
2,7.13926,35.421897,"Southern Nations, Nationalities and Peoples",3.5673759
3,7.220868,38.169331,"Southern Nations, Nationalities and Peoples",3.5673759
2,7.536763,37.638776,"Southern Nations, Nationalities and Peoples",3.5673759
0,5.889756,36.575274,"Southern Nations, Nationalities and Peoples",3.5673759
3,7.072698,36.708358,"Southern Nations, Nationalities and Peoples",3.5673759
6,6.948031,38.266963,"Southern Nations, Nationalities and Peoples",3.5673759
4,6.813211,37.462132,"Southern Nations, Nationalities and Peoples",3.5673759
5,8.247408,38.308406,"Southern Nations, Nationalities and Peoples",3.5673759
6,7.206593,37.574818,"Southern Nations, Nationalities and Peoples",3.5673759
5,6.034243,37.359345,"Southern Nations, Nationalities and Peoples",3.5673759
2,7.765698,37.45714,"Southern Nations, Nationalities and Peoples",3.5673759
6,7.389017,37.896339,"Southern Nations, Nationalities and Peoples",3.5673759
5,7.395099,35.942776,"Southern Nations, Nationalities and Peoples",3.5673759
7,7.389017,37.896339,"Southern Nations, Nationalities and Peoples",3.5673759
1,6.272269,38.341768,"Southern Nations, Nationalities and Peoples",3.5673759
5,6.635978,37.292589,"Southern Nations, Nationalities and Peoples",3.5673759
0,5.594843,37.337118,"Southern Nations, Nationalities and Peoples",3.5673759
5,7.395099,35.942776,"Southern Nations, Nationalities and Peoples",3.5673759
1,7.072698,36.708358,"Southern Nations, Nationalities and Peoples",3.5673759
0,8.256496,38.012373,"Southern Nations, Nationalities and Peoples",3.5673759
8,7.314506,38.03791,"Southern Nations, Nationalities and Peoples",3.5673759
4,8.256496,38.012373,"Southern Nations, Nationalities and Peoples",3.5673759
3,6.783122,36.598497,"Southern Nations, Nationalities and Peoples",3.5673759
6,6.884829,35.831505,"Southern Nations, Nationalities and Peoples",3.5673759
6,8.247408,38.308406,"Southern Nations, Nationalities and Peoples",3.5673759
5,8.023101,38.245054,"Southern Nations, Nationalities and Peoples",3.5673759
2,8.023101,38.245054,"Southern Nations, Nationalities and Peoples",3.5673759
2,6.59737,38.747923,"Southern Nations, Nationalities and Peoples",3.5673759
7,8.023101,38.245054,"Southern Nations, Nationalities and Peoples",3.5673759
7,7.314506,38.03791,"Southern Nations, Nationalities and Peoples",3.5673759
5,5.594843,37.337118,"Southern Nations, Nationalities and Peoples",3.5673759
6,6.291121,36.588912,"Southern Nations, Nationalities and Peoples",3.5673759
0,7.072698,36.708358,"Southern Nations, Nationalities and Peoples",3.5673759
5,7.206593,37.574818,"Southern Nations, Nationalities and Peoples",3.5673759
2,7.072698,36.708358,"Southern Nations, Nationalities and Peoples",3.5673759
4,7.072698,36.708358,"Southern Nations, Nationalities and Peoples",3.5673759
0,7.067583,35.668778,"Southern Nations, Nationalities and Peoples",3.5673759
7,6.291121,36.588912,"Southern Nations, Nationalities and Peoples",3.5673759
6,6.291121,36.588912,"Southern Nations, Nationalities and Peoples",3.5673759
5,6.329962,36.622394,"Southern Nations, Nationalities and Peoples",3.5673759
7,7.212401,37.339584,"Southern Nations, Nationalities and Peoples",3.5673759
5,7.536763,37.638776,"Southern Nations, Nationalities and Peoples",3.5673759
0,7.376483,36.334069,"Southern Nations, Nationalities and Peoples",3.5673759
0,7.879094,37.58029,"Southern Nations, Nationalities and Peoples",3.5673759
5,7.656919,38.299458,"Southern Nations, Nationalities and Peoples",3.5673759
7,7.212401,37.339584,"Southern Nations, Nationalities and Peoples",3.5673759
0,7.879094,37.58029,"Southern Nations, Nationalities and Peoples",3.5673759
5,6.794055,38.221789,"Southern Nations, Nationalities and Peoples",3.5673759
0,7.081998,37.023839,"Southern Nations, Nationalities and Peoples",3.5673759
3,8.247408,38.308406,"Southern Nations, Nationalities and Peoples",3.5673759
0,7.081998,37.023839,"Southern Nations, Nationalities and Peoples",3.5673759
1,7.13926,35.421897,"Southern Nations, Nationalities and Peoples",3.5673759
5,7.395099,35.942776,"Southern Nations, Nationalities and Peoples",3.5673759
6,7.220868,38.169331,"Southern Nations, Nationalities and Peoples",3.5673759
3,6.783122,36.598497,"Southern Nations, Nationalities and Peoples",3.5673759
3,7.220868,38.169331,"Southern Nations, Nationalities and Peoples",3.5673759
8,7.314506,38.03791,"Southern Nations, Nationalities and Peoples",3.5673759
8,7.314506,38.03791,"Southern Nations, Nationalities and Peoples",3.5673759
1,5.315198,37.234631,"Southern Nations, Nationalities and Peoples",3.5673759
6,6.948031,38.266963,"Southern Nations, Nationalities and Peoples",3.5673759
1,5.315198,37.234631,"Southern Nations, Nationalities and Peoples",3.5673759
8,6.245922,37.400823,"Southern Nations, Nationalities and Peoples",3.5673759
6,4.744136,36.045393,"Southern Nations, Nationalities and Peoples",3.5673759
2,5.315198,37.234631,"Southern Nations, Nationalities and Peoples",3.5673759
4,6.948031,38.266963,"Southern Nations, Nationalities and Peoples",3.5673759
3,6.783122,36.598497,"Southern Nations, Nationalities and Peoples",3.5673759
3,6.329962,36.622394,"Southern Nations, Nationalities and Peoples",3.5673759
5,6.329962,36.622394,"Southern Nations, Nationalities and Peoples",3.5673759
0,7.376483,36.334069,"Southern Nations, Nationalities and Peoples",3.5673759
3,6.635978,37.292589,"Southern Nations, Nationalities and Peoples",3.5673759
2,7.765698,37.45714,"Southern Nations, Nationalities and Peoples",3.5673759
1,6.884829,35.831505,"Southern Nations, Nationalities and Peoples",3.5673759
7,7.212401,37.339584,"Southern Nations, Nationalities and Peoples",3.5673759
7,6.245922,37.400823,"Southern Nations, Nationalities and Peoples",3.5673759
2,7.879094,37.58029,"Southern Nations, Nationalities and Peoples",3.5673759
7,7.212401,37.339584,"Southern Nations, Nationalities and Peoples",3.5673759
0,7.376483,36.334069,"Southern Nations, Nationalities and Peoples",3.5673759
0,7.067583,35.668778,"Southern Nations, Nationalities and Peoples",3.5673759
0,7.067583,35.668778,"Southern Nations, Nationalities and Peoples",3.5673759
0,7.244115,35.372384,"Southern Nations, Nationalities and Peoples",3.5673759
1,6.884829,35.831505,"Southern Nations, Nationalities and Peoples",3.5673759
0,6.884829,35.831505,"Southern Nations, Nationalities and Peoples",3.5673759
4,7.536763,37.638776,"Southern Nations, Nationalities and Peoples",3.5673759
2,6.034243,37.359345,"Southern Nations, Nationalities and Peoples",3.5673759
7,7.656919,38.299458,"Southern Nations, Nationalities and Peoples",3.5673759
3,6.860853,37.532325,"Southern Nations, Nationalities and Peoples",3.5673759
7,7.212401,37.339584,"Southern Nations, Nationalities and Peoples",3.5673759
4,6.034243,37.359345,"Southern Nations, Nationalities and Peoples",3.5673759
3,6.884829,35.831505,"Southern Nations, Nationalities and Peoples",3.5673759
7,7.413468,35.976152,"Southern Nations, Nationalities and Peoples",3.5673759
7,6.245922,37.400823,"Southern Nations, Nationalities and Peoples",3.5673759
2,8.256496,38.012373,"Southern Nations, Nationalities and Peoples",3.5673759
0,7.244115,35.372384,"Southern Nations, Nationalities and Peoples",3.5673759
6,6.245922,37.400823,"Southern Nations, Nationalities and Peoples",3.5673759
6,7.821421,37.834403,"Southern Nations, Nationalities and Peoples",3.5673759
4,6.635978,37.292589,"Southern Nations, Nationalities and Peoples",3.5673759
2,7.821421,37.834403,"Southern Nations, Nationalities and Peoples",3.5673759
3,6.272269,38.341768,"Southern Nations, Nationalities and Peoples",3.5673759
0,6.635978,37.292589,"Southern Nations, Nationalities and Peoples",3.5673759
0,7.067583,35.668778,"Southern Nations, Nationalities and Peoples",3.5673759
6,7.072698,36.708358,"Southern Nations, Nationalities and Peoples",3.5673759
5,6.291121,36.588912,"Southern Nations, Nationalities and Peoples",3.5673759
4,7.395099,35.942776,"Southern Nations, Nationalities and Peoples",3.5673759
0,7.536763,37.638776,"Southern Nations, Nationalities and Peoples",3.5673759
0,7.376483,36.334069,"Southern Nations, Nationalities and Peoples",3.5673759
4,6.59737,38.747923,"Southern Nations, Nationalities and Peoples",3.5673759
0,7.376483,36.334069,"Southern Nations, Nationalities and Peoples",3.5673759
3,6.329962,36.622394,"Southern Nations, Nationalities and Peoples",3.5673759
7,7.206593,37.574818,"Southern Nations, Nationalities and Peoples",3.5673759
0,6.291121,36.588912,"Southern Nations, Nationalities and Peoples",3.5673759
5,7.13926,35.421897,"Southern Nations, Nationalities and Peoples",3.5673759
0,7.244115,35.372384,"Southern Nations, Nationalities and Peoples",3.5673759
5,7.244115,35.372384,"Southern Nations, Nationalities and Peoples",3.5673759
4,6.783122,36.598497,"Southern Nations, Nationalities and Peoples",3.5673759
7,4.744136,36.045393,"Southern Nations, Nationalities and Peoples",3.5673759
7,8.023101,38.245054,"Southern Nations, Nationalities and Peoples",3.5673759
5,6.034243,37.359345,"Southern Nations, Nationalities and Peoples",3.5673759
8,4.744136,36.045393,"Southern Nations, Nationalities and Peoples",3.5673759
1,8.247408,38.308406,"Southern Nations, Nationalities and Peoples",3.5673759
0,7.879094,37.58029,"Southern Nations, Nationalities and Peoples",3.5673759
0,5.889756,36.575274,"Southern Nations, Nationalities and Peoples",3.5673759
2,5.889756,36.575274,"Southern Nations, Nationalities and Peoples",3.5673759
3,5.889756,36.575274,"Southern Nations, Nationalities and Peoples",3.5673759
3,7.008084,37.97124,"Southern Nations, Nationalities and Peoples",3.5673759
1,6.813211,37.462132,"Southern Nations, Nationalities and Peoples",3.5673759
7,4.744136,36.045393,"Southern Nations, Nationalities and Peoples",3.5673759
1,6.272269,38.341768,"Southern Nations, Nationalities and Peoples",3.5673759
5,7.008084,37.97124,"Southern Nations, Nationalities and Peoples",3.5673759
3,6.813211,37.462132,"Southern Nations, Nationalities and Peoples",3.5673759
7,6.794055,38.221789,"Southern Nations, Nationalities and Peoples",3.5673759
4,7.220868,38.169331,"Southern Nations, Nationalities and Peoples",3.5673759
3,6.860853,37.532325,"Southern Nations, Nationalities and Peoples",3.5673759
5,6.860853,37.532325,"Southern Nations, Nationalities and Peoples",3.5673759
4,6.860853,37.532325,"Southern Nations, Nationalities and Peoples",3.5673759
5,6.635978,37.292589,"Southern Nations, Nationalities and Peoples",3.5673759
5,6.635978,37.292589,"Southern Nations, Nationalities and Peoples",3.5673759
6,7.008084,37.97124,"Southern Nations, Nationalities and Peoples",3.5673759
2,7.008084,37.97124,"Southern Nations, Nationalities and Peoples",3.5673759
4,6.097656,38.157655,"Southern Nations, Nationalities and Peoples",3.5673759
3,6.097656,38.157655,"Southern Nations, Nationalities and Peoples",3.5673759
2,5.315198,37.234631,"Southern Nations, Nationalities and Peoples",3.5673759
6,6.948031,38.266963,"Southern Nations, Nationalities and Peoples",3.5673759
3,6.097656,38.157655,"Southern Nations, Nationalities and Peoples",3.5673759
0,7.067583,35.668778,"Southern Nations, Nationalities and Peoples",3.5673759
1,6.813211,37.462132,"Southern Nations, Nationalities and Peoples",3.5673759
0,5.315198,37.234631,"Southern Nations, Nationalities and Peoples",3.5673759
6,6.484507,38.602662,"Southern Nations, Nationalities and Peoples",3.5673759
0,6.519602,38.720087,"Southern Nations, Nationalities and Peoples",3.5673759
0,6.519602,38.720087,"Southern Nations, Nationalities and Peoples",3.5673759
8,7.072698,36.708358,"Southern Nations, Nationalities and Peoples",3.5673759
8,7.314506,38.03791,"Southern Nations, Nationalities and Peoples",3.5673759
3,6.794055,38.221789,"Southern Nations, Nationalities and Peoples",3.5673759
6,6.948031,38.266963,"Southern Nations, Nationalities and Peoples",3.5673759
3,6.794055,38.221789,"Southern Nations, Nationalities and Peoples",3.5673759
4,7.395099,35.942776,"Southern Nations, Nationalities and Peoples",3.5673759
4,8.256496,38.012373,"Southern Nations, Nationalities and Peoples",3.5673759
0,7.879094,37.58029,"Southern Nations, Nationalities and Peoples",3.5673759
6,6.484507,38.602662,"Southern Nations, Nationalities and Peoples",3.5673759
0,7.067583,35.668778,"Southern Nations, Nationalities and Peoples",3.5673759
7,6.484507,38.602662,"Southern Nations, Nationalities and Peoples",3.5673759
5,7.395099,35.942776,"Southern Nations, Nationalities and Peoples",3.5673759
7,6.484507,38.602662,"Southern Nations, Nationalities and Peoples",3.5673759
0,7.536763,37.638776,"Southern Nations, Nationalities and Peoples",3.5673759
0,7.395099,35.942776,"Southern Nations, Nationalities and Peoples",3.5673759
5,6.813211,37.462132,"Southern Nations, Nationalities and Peoples",3.5673759
4,7.220868,38.169331,"Southern Nations, Nationalities and Peoples",3.5673759
4,6.59737,38.747923,"Southern Nations, Nationalities and Peoples",3.5673759
5,6.034243,37.359345,"Southern Nations, Nationalities and Peoples",3.5673759
0,7.244115,35.372384,"Southern Nations, Nationalities and Peoples",3.5673759
0,7.376483,36.334069,"Southern Nations, Nationalities and Peoples",3.5673759
4,7.389017,37.896339,"Southern Nations, Nationalities and Peoples",3.5673759
7,7.389017,37.896339,"Southern Nations, Nationalities and Peoples",3.5673759
0,7.244115,35.372384,"Southern Nations, Nationalities and Peoples",3.5673759
8,7.314506,38.03791,"Southern Nations, Nationalities and Peoples",3.5673759
7,6.291121,36.588912,"Southern Nations, Nationalities and Peoples",3.5673759
7,7.821421,37.834403,"Southern Nations, Nationalities and Peoples",3.5673759
6,6.948031,38.266963,"Southern Nations, Nationalities and Peoples",3.5673759
6,7.121575,37.969646,"Southern Nations, Nationalities and Peoples",3.5673759
0,7.536763,37.638776,"Southern Nations, Nationalities and Peoples",3.5673759
0,6.813211,37.462132,"Southern Nations, Nationalities and Peoples",3.5673759
3,7.008084,37.97124,"Southern Nations, Nationalities and Peoples",3.5673759
8,7.314506,38.03791,"Southern Nations, Nationalities and Peoples",3.5673759
1,7.879094,37.58029,"Southern Nations, Nationalities and Peoples",3.5673759
0,7.536763,37.638776,"Southern Nations, Nationalities and Peoples",3.5673759
5,6.813211,37.462132,"Southern Nations, Nationalities and Peoples",3.5673759
7,7.121575,37.969646,"Southern Nations, Nationalities and Peoples",3.5673759
6,7.536763,37.638776,"Southern Nations, Nationalities and Peoples",3.5673759
6,7.389017,37.896339,"Southern Nations, Nationalities and Peoples",3.5673759
3,7.536763,37.638776,"Southern Nations, Nationalities and Peoples",3.5673759
3,6.291121,36.588912,"Southern Nations, Nationalities and Peoples",3.5673759
8,6.245922,37.400823,"Southern Nations, Nationalities and Peoples",3.5673759
3,6.794055,38.221789,"Southern Nations, Nationalities and Peoples",3.5673759
6,7.656919,38.299458,"Southern Nations, Nationalities and Peoples",3.5673759
7,4.744136,36.045393,"Southern Nations, Nationalities and Peoples",3.5673759
0,6.783122,36.598497,"Southern Nations, Nationalities and Peoples",3.5673759
2,6.860853,37.532325,"Southern Nations, Nationalities and Peoples",3.5673759
7,7.821421,37.834403,"Southern Nations, Nationalities and Peoples",3.5673759
1,6.794055,38.221789,"Southern Nations, Nationalities and Peoples",3.5673759
2,8.247408,38.308406,"Southern Nations, Nationalities and Peoples",3.5673759
4,7.765698,37.45714,"Southern Nations, Nationalities and Peoples",3.5673759
7,8.247408,38.308406,"Southern Nations, Nationalities and Peoples",3.5673759
2,6.329962,36.622394,"Southern Nations, Nationalities and Peoples",3.5673759
6,5.889756,36.575274,"Southern Nations, Nationalities and Peoples",3.5673759
3,6.813211,37.462132,"Southern Nations, Nationalities and Peoples",3.5673759
7,7.212401,37.339584,"Southern Nations, Nationalities and Peoples",3.5673759
7,7.821421,37.834403,"Southern Nations, Nationalities and Peoples",3.5673759
4,7.008084,37.97124,"Southern Nations, Nationalities and Peoples",3.5673759
8,7.121575,37.969646,"Southern Nations, Nationalities and Peoples",3.5673759
0,8.256496,38.012373,"Southern Nations, Nationalities and Peoples",3.5673759
7,4.744136,36.045393,"Southern Nations, Nationalities and Peoples",3.5673759
6,5.889756,36.575274,"Southern Nations, Nationalities and Peoples",3.5673759
3,7.220868,38.169331,"Southern Nations, Nationalities and Peoples",3.5673759
5,8.256496,38.012373,"Southern Nations, Nationalities and Peoples",3.5673759
7,7.212401,37.339584,"Southern Nations, Nationalities and Peoples",3.5673759
7,8.247408,38.308406,"Southern Nations, Nationalities and Peoples",3.5673759
1,7.879094,37.58029,"Southern Nations, Nationalities and Peoples",3.5673759
,7.389017,37.896339,"Southern Nations, Nationalities and Peoples",3.5673759
2,7.536763,37.638776,"Southern Nations, Nationalities and Peoples",3.5673759
0,6.635978,37.292589,"Southern Nations, Nationalities and Peoples",3.5673759
8,7.314506,38.03791,"Southern Nations, Nationalities and Peoples",3.5673759
0,7.376483,36.334069,"Southern Nations, Nationalities and Peoples",3.5673759
3,6.034243,37.359345,"Southern Nations, Nationalities and Peoples",3.5673759
0,6.519602,38.720087,"Southern Nations, Nationalities and Peoples",3.5673759
7,7.212401,37.339584,"Southern Nations, Nationalities and Peoples",3.5673759
3,7.220868,38.169331,"Southern Nations, Nationalities and Peoples",3.5673759
0,8.256496,38.012373,"Southern Nations, Nationalities and Peoples",3.5673759
2,6.783122,36.598497,"Southern Nations, Nationalities and Peoples",3.5673759
6,6.59737,38.747923,"Southern Nations, Nationalities and Peoples",3.5673759
0,6.291121,36.588912,"Southern Nations, Nationalities and Peoples",3.5673759
7,4.744136,36.045393,"Southern Nations, Nationalities and Peoples",3.5673759
8,6.484507,38.602662,"Southern Nations, Nationalities and Peoples",3.5673759
7,6.484507,38.602662,"Southern Nations, Nationalities and Peoples",3.5673759
3,8.023101,38.245054,"Southern Nations, Nationalities and Peoples",3.5673759
1,6.097656,38.157655,"Southern Nations, Nationalities and Peoples",3.5673759
3,6.813211,37.462132,"Southern Nations, Nationalities and Peoples",3.5673759
6,7.765698,37.45714,"Southern Nations, Nationalities and Peoples",3.5673759
5,5.315198,37.234631,"Southern Nations, Nationalities and Peoples",3.5673759
3,8.256496,38.012373,"Southern Nations, Nationalities and Peoples",3.5673759
7,5.889756,36.575274,"Southern Nations, Nationalities and Peoples",3.5673759
0,7.008084,37.97124,"Southern Nations, Nationalities and Peoples",3.5673759
6,7.656919,38.299458,"Southern Nations, Nationalities and Peoples",3.5673759
6,7.206593,37.574818,"Southern Nations, Nationalities and Peoples",3.5673759
5,6.291121,36.588912,"Southern Nations, Nationalities and Peoples",3.5673759
6,7.536763,37.638776,"Southern Nations, Nationalities and Peoples",3.5673759
6,7.008084,37.97124,"Southern Nations, Nationalities and Peoples",3.5673759
2,7.081998,37.023839,"Southern Nations, Nationalities and Peoples",3.5673759
5,7.072698,36.708358,"Southern Nations, Nationalities and Peoples",3.5673759
5,6.948031,38.266963,"Southern Nations, Nationalities and Peoples",3.5673759
4,6.59737,38.747923,"Southern Nations, Nationalities and Peoples",3.5673759
7,6.329962,36.622394,"Southern Nations, Nationalities and Peoples",3.5673759
0,7.081998,37.023839,"Southern Nations, Nationalities and Peoples",3.5673759
3,7.008084,37.97124,"Southern Nations, Nationalities and Peoples",3.5673759
3,6.245922,37.400823,"Southern Nations, Nationalities and Peoples",3.5673759
3,6.329962,36.622394,"Southern Nations, Nationalities and Peoples",3.5673759
6,7.121575,37.969646,"Southern Nations, Nationalities and Peoples",3.5673759
6,6.245922,37.400823,"Southern Nations, Nationalities and Peoples",3.5673759
5,6.884829,35.831505,"Southern Nations, Nationalities and Peoples",3.5673759
5,8.023101,38.245054,"Southern Nations, Nationalities and Peoples",3.5673759
4,5.315198,37.234631,"Southern Nations, Nationalities and Peoples",3.5673759
0,6.635978,37.292589,"Southern Nations, Nationalities and Peoples",3.5673759
7,7.121575,37.969646,"Southern Nations, Nationalities and Peoples",3.5673759
5,7.220868,38.169331,"Southern Nations, Nationalities and Peoples",3.5673759
3,7.821421,37.834403,"Southern Nations, Nationalities and Peoples",3.5673759
4,7.072698,36.708358,"Southern Nations, Nationalities and Peoples",3.5673759
0,7.879094,37.58029,"Southern Nations, Nationalities and Peoples",3.5673759
4,8.023101,38.245054,"Southern Nations, Nationalities and Peoples",3.5673759
0,6.097656,38.157655,"Southern Nations, Nationalities and Peoples",3.5673759
2,6.794055,38.221789,"Southern Nations, Nationalities and Peoples",3.5673759
1,5.594843,37.337118,"Southern Nations, Nationalities and Peoples",3.5673759
1,6.272269,38.341768,"Southern Nations, Nationalities and Peoples",3.5673759
5,8.256496,38.012373,"Southern Nations, Nationalities and Peoples",3.5673759
2,7.13926,35.421897,"Southern Nations, Nationalities and Peoples",3.5673759
0,7.081998,37.023839,"Southern Nations, Nationalities and Peoples",3.5673759
0,6.783122,36.598497,"Southern Nations, Nationalities and Peoples",3.5673759
0,7.067583,35.668778,"Southern Nations, Nationalities and Peoples",3.5673759
0,5.594843,37.337118,"Southern Nations, Nationalities and Peoples",3.5673759
6,6.948031,38.266963,"Southern Nations, Nationalities and Peoples",3.5673759
3,6.272269,38.341768,"Southern Nations, Nationalities and Peoples",3.5673759
4,7.206593,37.574818,"Southern Nations, Nationalities and Peoples",3.5673759
6,6.948031,38.266963,"Southern Nations, Nationalities and Peoples",3.5673759
4,7.765698,37.45714,"Southern Nations, Nationalities and Peoples",3.5673759
3,5.594843,37.337118,"Southern Nations, Nationalities and Peoples",3.5673759
3,6.860853,37.532325,"Southern Nations, Nationalities and Peoples",3.5673759
5,7.121575,37.969646,"Southern Nations, Nationalities and Peoples",3.5673759
3,6.860853,37.532325,"Southern Nations, Nationalities and Peoples",3.5673759
3,6.635978,37.292589,"Southern Nations, Nationalities and Peoples",3.5673759
0,7.067583,35.668778,"Southern Nations, Nationalities and Peoples",3.5673759
3,7.765698,37.45714,"Southern Nations, Nationalities and Peoples",3.5673759
7,7.656919,38.299458,"Southern Nations, Nationalities and Peoples",3.5673759
7,7.821421,37.834403,"Southern Nations, Nationalities and Peoples",3.5673759
6,7.389017,37.896339,"Southern Nations, Nationalities and Peoples",3.5673759
0,6.813211,37.462132,"Southern Nations, Nationalities and Peoples",3.5673759
3,6.59737,38.747923,"Southern Nations, Nationalities and Peoples",3.5673759
0,6.519602,38.720087,"Southern Nations, Nationalities and Peoples",3.5673759
4,6.097656,38.157655,"Southern Nations, Nationalities and Peoples",3.5673759
7,7.121575,37.969646,"Southern Nations, Nationalities and Peoples",3.5673759
0,6.329962,36.622394,"Southern Nations, Nationalities and Peoples",3.5673759
5,7.13926,35.421897,"Southern Nations, Nationalities and Peoples",3.5673759
1,6.884829,35.831505,"Southern Nations, Nationalities and Peoples",3.5673759
3,6.794055,38.221789,"Southern Nations, Nationalities and Peoples",3.5673759
5,7.395099,35.942776,"Southern Nations, Nationalities and Peoples",3.5673759
0,6.860853,37.532325,"Southern Nations, Nationalities and Peoples",3.5673759
0,7.206593,37.574818,"Southern Nations, Nationalities and Peoples",3.5673759
0,6.097656,38.157655,"Southern Nations, Nationalities and Peoples",3.5673759
1,6.519602,38.720087,"Southern Nations, Nationalities and Peoples",3.5673759
0,7.067583,35.668778,"Southern Nations, Nationalities and Peoples",3.5673759
4,7.206593,37.574818,"Southern Nations, Nationalities and Peoples",3.5673759
0,7.081998,37.023839,"Southern Nations, Nationalities and Peoples",3.5673759
0,6.519602,38.720087,"Southern Nations, Nationalities and Peoples",3.5673759
2,7.376483,36.334069,"Southern Nations, Nationalities and Peoples",3.5673759
8,7.314506,38.03791,"Southern Nations, Nationalities and Peoples",3.5673759
8,7.121575,37.969646,"Southern Nations, Nationalities and Peoples",3.5673759
5,6.484507,38.602662,"Southern Nations, Nationalities and Peoples",3.5673759
0,7.376483,36.334069,"Southern Nations, Nationalities and Peoples",3.5673759
4,7.765698,37.45714,"Southern Nations, Nationalities and Peoples",3.5673759
7,4.744136,36.045393,"Southern Nations, Nationalities and Peoples",3.5673759
8,7.314506,38.03791,"Southern Nations, Nationalities and Peoples",3.5673759
4,7.244115,35.372384,"Southern Nations, Nationalities and Peoples",3.5673759
3,7.765698,37.45714,"Southern Nations, Nationalities and Peoples",3.5673759
1,6.272269,38.341768,"Southern Nations, Nationalities and Peoples",3.5673759
0,7.376483,36.334069,"Southern Nations, Nationalities and Peoples",3.5673759
0,6.884829,35.831505,"Southern Nations, Nationalities and Peoples",3.5673759
3,6.783122,36.598497,"Southern Nations, Nationalities and Peoples",3.5673759
8,4.744136,36.045393,"Southern Nations, Nationalities and Peoples",3.5673759
3,6.794055,38.221789,"Southern Nations, Nationalities and Peoples",3.5673759
4,7.765698,37.45714,"Southern Nations, Nationalities and Peoples",3.5673759
0,8.256496,38.012373,"Southern Nations, Nationalities and Peoples",3.5673759
8,6.291121,36.588912,"Southern Nations, Nationalities and Peoples",3.5673759
1,6.097656,38.157655,"Southern Nations, Nationalities and Peoples",3.5673759
8,7.121575,37.969646,"Southern Nations, Nationalities and Peoples",3.5673759
7,7.206593,37.574818,"Southern Nations, Nationalities and Peoples",3.5673759
5,6.948031,38.266963,"Southern Nations, Nationalities and Peoples",3.5673759
7,7.072698,36.708358,"Southern Nations, Nationalities and Peoples",3.5673759
0,7.376483,36.334069,"Southern Nations, Nationalities and Peoples",3.5673759
1,7.081998,37.023839,"Southern Nations, Nationalities and Peoples",3.5673759
7,7.389017,37.896339,"Southern Nations, Nationalities and Peoples",3.5673759
3,6.860853,37.532325,"Southern Nations, Nationalities and Peoples",3.5673759
0,6.519602,38.720087,"Southern Nations, Nationalities and Peoples",3.5673759
1,7.081998,37.023839,"Southern Nations, Nationalities and Peoples",3.5673759
3,7.220868,38.169331,"Southern Nations, Nationalities and Peoples",3.5673759
7,7.656919,38.299458,"Southern Nations, Nationalities and Peoples",3.5673759
6,7.821421,37.834403,"Southern Nations, Nationalities and Peoples",3.5673759
5,8.247408,38.308406,"Southern Nations, Nationalities and Peoples",3.5673759
6,7.656919,38.299458,"Southern Nations, Nationalities and Peoples",3.5673759
4,6.034243,37.359345,"Southern Nations, Nationalities and Peoples",3.5673759
1,6.034243,37.359345,"Southern Nations, Nationalities and Peoples",3.5673759
4,6.097656,38.157655,"Southern Nations, Nationalities and Peoples",3.5673759
0,7.067583,35.668778,"Southern Nations, Nationalities and Peoples",3.5673759
6,6.519602,38.720087,"Southern Nations, Nationalities and Peoples",3.5673759
5,7.395099,35.942776,"Southern Nations, Nationalities and Peoples",3.5673759
0,5.315198,37.234631,"Southern Nations, Nationalities and Peoples",3.5673759
0,6.329962,36.622394,"Southern Nations, Nationalities and Peoples",3.5673759
3,6.860853,37.532325,"Southern Nations, Nationalities and Peoples",3.5673759
0,7.879094,37.58029,"Southern Nations, Nationalities and Peoples",3.5673759
6,7.821421,37.834403,"Southern Nations, Nationalities and Peoples",3.5673759
7,4.744136,36.045393,"Southern Nations, Nationalities and Peoples",3.5673759
3,6.813211,37.462132,"Southern Nations, Nationalities and Peoples",3.5673759
6,7.212401,37.339584,"Southern Nations, Nationalities and Peoples",3.5673759
6,6.484507,38.602662,"Southern Nations, Nationalities and Peoples",3.5673759
1,6.272269,38.341768,"Southern Nations, Nationalities and Peoples",3.5673759
0,7.081998,37.023839,"Southern Nations, Nationalities and Peoples",3.5673759
4,7.389017,37.896339,"Southern Nations, Nationalities and Peoples",3.5673759
7,5.315198,37.234631,"Southern Nations, Nationalities and Peoples",3.5673759
3,6.783122,36.598497,"Southern Nations, Nationalities and Peoples",3.5673759
7,6.245922,37.400823,"Southern Nations, Nationalities and Peoples",3.5673759
0,5.889756,36.575274,"Southern Nations, Nationalities and Peoples",3.5673759
7,6.078985,41.189397,Somali,2.862745
0,6.681118,46.279485,Somali,2.862745
4,8.207515000000001,42.225937,Somali,2.862745
4,8.207515000000001,42.225937,Somali,2.862745
0,7.923481,45.112166,Somali,2.862745
2,5.878031,43.60069,Somali,2.862745
6,6.078985,41.189397,Somali,2.862745
4,8.324438000000001,43.811213,Somali,2.862745
1,9.660308000000001,41.864339,Somali,2.862745
7,7.547618,44.974194,Somali,2.862745
3,8.029937,41.950931,Somali,2.862745
7,7.547618,44.974194,Somali,2.862745
0,7.923481,45.112166,Somali,2.862745
0,7.383167,42.228326,Somali,2.862745
1,6.555261,45.791524,Somali,2.862745
0,9.600061999999999,41.245561,Somali,2.862745
8,9.079938,42.943197,Somali,2.862745
7,7.478287,47.30784,Somali,2.862745
8,9.079938,42.943197,Somali,2.862745
0,6.681118,46.279485,Somali,2.862745
5,8.473849,42.903911,Somali,2.862745
4,8.029937,41.950931,Somali,2.862745
5,4.730678,41.537196,Somali,2.862745
0,6.555261,45.791524,Somali,2.862745
3,6.229638,43.858635,Somali,2.862745
0,9.194584000000001,42.650807,Somali,2.862745
2,9.639504000000001,43.100895,Somali,2.862745
6,6.078985,41.189397,Somali,2.862745
4,8.324438000000001,43.811213,Somali,2.862745
5,8.207515000000001,42.225937,Somali,2.862745
0,9.660308000000001,41.864339,Somali,2.862745
3,8.029937,41.950931,Somali,2.862745
0,4.010759,41.765863,Somali,2.862745
5,8.029937,41.950931,Somali,2.862745
0,4.010759,41.765863,Somali,2.862745
5,8.473849,42.903911,Somali,2.862745
8,9.079938,42.943197,Somali,2.862745
0,6.229638,43.858635,Somali,2.862745
0,6.681118,46.279485,Somali,2.862745
1,6.681118,46.279485,Somali,2.862745
6,6.078985,41.189397,Somali,2.862745
4,8.207515000000001,42.225937,Somali,2.862745
0,9.600061999999999,41.245561,Somali,2.862745
1,9.600061999999999,41.245561,Somali,2.862745
0,6.681118,46.279485,Somali,2.862745
0,5.878031,43.60069,Somali,2.862745
2,8.029937,41.950931,Somali,2.862745
7,7.547618,44.974194,Somali,2.862745
3,8.0215,44.306802,Somali,2.862745
5,8.128536,46.08135,Somali,2.862745
3,8.029937,41.950931,Somali,2.862745
,8.473849,42.903911,Somali,2.862745
7,8.207515000000001,42.225937,Somali,2.862745
6,6.078985,41.189397,Somali,2.862745
0,7.383167,42.228326,Somali,2.862745
8,8.128536,46.08135,Somali,2.862745
0,5.956919,43.472237,Somali,2.862745
0,5.956919,43.472237,Somali,2.862745
0,9.081747999999999,43.143339,Somali,2.862745
0,6.229638,43.858635,Somali,2.862745
6,8.207515000000001,42.225937,Somali,2.862745
0,6.229638,43.858635,Somali,2.862745
0,5.956919,43.472237,Somali,2.862745
5,8.128536,46.08135,Somali,2.862745
0,5.878031,43.60069,Somali,2.862745
0,6.229638,43.858635,Somali,2.862745
1,9.600061999999999,41.245561,Somali,2.862745
1,5.878031,43.60069,Somali,2.862745
1,9.660308000000001,41.864339,Somali,2.862745
0,5.878031,43.60069,Somali,2.862745
0,5.956919,43.472237,Somali,2.862745
5,4.730678,41.537196,Somali,2.862745
0,7.923481,45.112166,Somali,2.862745
6,8.0215,44.306802,Somali,2.862745
4,8.324438000000001,43.811213,Somali,2.862745
0,4.010759,41.765863,Somali,2.862745
8,8.128536,46.08135,Somali,2.862745
6,6.078985,41.189397,Somali,2.862745
5,8.029937,41.950931,Somali,2.862745
4,8.029937,41.950931,Somali,2.862745
6,6.078985,41.189397,Somali,2.862745
2,5.878031,43.60069,Somali,2.862745
8,8.128536,46.08135,Somali,2.862745
0,7.383167,42.228326,Somali,2.862745
3,8.029937,41.950931,Somali,2.862745
3,6.229638,43.858635,Somali,2.862745
4,8.324438000000001,43.811213,Somali,2.862745
4,8.207515000000001,42.225937,Somali,2.862745
0,5.878031,43.60069,Somali,2.862745
0,6.229638,43.858635,Somali,2.862745
3,9.660308000000001,41.864339,Somali,2.862745
0,9.081747999999999,43.143339,Somali,2.862745
4,8.207515000000001,42.225937,Somali,2.862745
0,6.229638,43.858635,Somali,2.862745
3,9.081747999999999,43.143339,Somali,2.862745
4,6.078985,41.189397,Somali,2.862745
8,7.478287,47.30784,Somali,2.862745
4,4.010759,41.765863,Somali,2.862745
7,7.478287,47.30784,Somali,2.862745
0,4.010759,41.765863,Somali,2.862745
0,6.681118,46.279485,Somali,2.862745
1,4.010759,41.765863,Somali,2.862745
0,4.010759,41.765863,Somali,2.862745
2,9.639504000000001,43.100895,Somali,2.862745
0,7.923481,45.112166,Somali,2.862745
0,7.923481,45.112166,Somali,2.862745
3,9.639504000000001,43.100895,Somali,2.862745
8,7.384017,42.595907,Somali,2.862745
0,9.600061999999999,41.245561,Somali,2.862745
0,7.923481,45.112166,Somali,2.862745
7,7.547618,44.974194,Somali,2.862745
6,6.078985,41.189397,Somali,2.862745
1,9.194584000000001,42.650807,Somali,2.862745
1,9.194584000000001,42.650807,Somali,2.862745
0,7.383167,42.228326,Somali,2.862745
5,8.473849,42.903911,Somali,2.862745
7,7.547618,44.974194,Somali,2.862745
0,7.383167,42.228326,Somali,2.862745
0,6.555261,45.791524,Somali,2.862745
2,7.923481,45.112166,Somali,2.862745
6,7.478287,47.30784,Somali,2.862745
3,8.128536,46.08135,Somali,2.862745
1,9.600061999999999,41.245561,Somali,2.862745
5,9.660308000000001,41.864339,Somali,2.862745
0,6.681118,46.279485,Somali,2.862745
3,9.639504000000001,43.100895,Somali,2.862745
8,8.0215,44.306802,Somali,2.862745
6,8.0215,44.306802,Somali,2.862745
5,8.0215,44.306802,Somali,2.862745
2,4.010759,41.765863,Somali,2.862745
0,6.555261,45.791524,Somali,2.862745
0,6.555261,45.791524,Somali,2.862745
2,5.878031,43.60069,Somali,2.862745
8,7.478287,47.30784,Somali,2.862745
4,4.730678,41.537196,Somali,2.862745
0,5.956919,43.472237,Somali,2.862745
7,7.478287,47.30784,Somali,2.862745
5,8.0215,44.306802,Somali,2.862745
3,9.081747999999999,43.143339,Somali,2.862745
8,6.555261,45.791524,Somali,2.862745
1,8.324438000000001,43.811213,Somali,2.862745
5,4.730678,41.537196,Somali,2.862745
0,9.600061999999999,41.245561,Somali,2.862745
7,8.0215,44.306802,Somali,2.862745
0,9.660308000000001,41.864339,Somali,2.862745
0,5.956919,43.472237,Somali,2.862745
0,7.383167,42.228326,Somali,2.862745
2,9.660308000000001,41.864339,Somali,2.862745
0,7.923481,45.112166,Somali,2.862745
7,8.128536,46.08135,Somali,2.862745
0,9.660308000000001,41.864339,Somali,2.862745
7,8.207515000000001,42.225937,Somali,2.862745
0,5.878031,43.60069,Somali,2.862745
4,8.324438000000001,43.811213,Somali,2.862745
8,8.128536,46.08135,Somali,2.862745
0,6.681118,46.279485,Somali,2.862745
0,5.956919,43.472237,Somali,2.862745
4,4.730678,41.537196,Somali,2.862745
0,6.681118,46.279485,Somali,2.862745
2,9.639504000000001,43.100895,Somali,2.862745
0,7.383167,42.228326,Somali,2.862745
6,8.128536,46.08135,Somali,2.862745
1,9.081747999999999,43.143339,Somali,2.862745
1,8.324438000000001,43.811213,Somali,2.862745
2,7.923481,45.112166,Somali,2.862745
6,6.078985,41.189397,Somali,2.862745
8,7.478287,47.30784,Somali,2.862745
5,8.0215,44.306802,Somali,2.862745
5,4.730678,41.537196,Somali,2.862745
0,6.681118,46.279485,Somali,2.862745
0,6.555261,45.791524,Somali,2.862745
8,7.384017,42.595907,Somali,2.862745
8,7.384017,42.595907,Somali,2.862745
4,4.730678,41.537196,Somali,2.862745
5,9.639504000000001,43.100895,Somali,2.862745
0,6.555261,45.791524,Somali,2.862745
5,8.473849,42.903911,Somali,2.862745
4,9.660308000000001,41.864339,Somali,2.862745
0,5.956919,43.472237,Somali,2.862745
2,9.639504000000001,43.100895,Somali,2.862745
0,9.660308000000001,41.864339,Somali,2.862745
1,6.229638,43.858635,Somali,2.862745
4,8.473849,42.903911,Somali,2.862745
6,6.078985,41.189397,Somali,2.862745
1,9.194584000000001,42.650807,Somali,2.862745
1,9.600061999999999,41.245561,Somali,2.862745
0,5.956919,43.472237,Somali,2.862745
8,8.128536,46.08135,Somali,2.862745
0,7.923481,45.112166,Somali,2.862745
1,9.600061999999999,41.245561,Somali,2.862745
0,5.956919,43.472237,Somali,2.862745
1,4.010759,41.765863,Somali,2.862745
1,9.600061999999999,41.245561,Somali,2.862745
8,7.384017,42.595907,Somali,2.862745
0,5.878031,43.60069,Somali,2.862745
2,4.010759,41.765863,Somali,2.862745
5,8.0215,44.306802,Somali,2.862745
0,6.555261,45.791524,Somali,2.862745
0,4.010759,41.765863,Somali,2.862745
0,9.081747999999999,43.143339,Somali,2.862745
0,9.081747999999999,43.143339,Somali,2.862745
1,9.194584000000001,42.650807,Somali,2.862745
1,9.194584000000001,42.650807,Somali,2.862745
8,7.478287,47.30784,Somali,2.862745
7,7.478287,47.30784,Somali,2.862745